id,catalog_no,title,year,release_date,omnibus_flag,album_type,note,album_kana,original_release_date
1,,風に吹かれて/雨に眠る,,1995/07/21,0,シングル,,,
2,,遠ざかる雨/海辺にて,,1995/09/21,0,シングル,,,
3,,青春のエキサイトメント,,2017/09/13,0,アルバム,,,
4,,瞬間的シックスセンス,,2019/02/13,0,アルバム,,,
5,,おいしいパスタがあると聞いて,,2020/09/09,0,アルバム,,,
6,,"風とリボン - POTATO STUDIO, June, 2020 -",,2020/09/09,0,アルバム,,,
7,,瞳へ落ちるよレコード,,2022/08/17,0,アルバム,NHK『あいみょん18祭』テーマソング,,
8,,猫にジェラシー,,2024/09/11,0,アルバム,,,
9,,おさらば,,1972/04/25,0,シングル,,,
10,,僕の贈りもの,,1973/02/20,0,シングル,シングルバージョン,,
11,,もう歌は作れない,,1974/04/05,0,シングル,,,
12,,この道をゆけば,,1974/05/05,0,アルバム,,,
13,,忘れ雪,,1974/10/20,0,シングル,,,
14,,秋ゆく街で,,1974/12/20,0,アルバム,,,
15,,ワインの匂い,,1975/12/20,0,アルバム,,,
16,,眠れぬ夜,,1975/12/20,0,シングル,,,
17,,ひとりで生きてゆければ,,1976/05/05,0,シングル,,,
18,,めぐる季節,,1976/10/05,0,シングル,,,
19,,SONG IS LOVE,,1976/11/05,0,アルバム,,,
20,,こころは気紛れ,,1977/02/05,0,シングル,,,
21,,秋の気配,,1977/08/05,0,シングル,,,
22,,JUNKTION,,1977/09/05,0,アルバム,,,
23,,ロンド,,1977/11/20,0,シングル,,,
24,,やさしさにさようなら,,1978/04/05,0,シングル,,,
25,,SELECTION 1973-78,,1978/05/05,0,アルバム,シングルバージョン,,
26,,あなたのすべて,,1978/07/20,0,シングル,,,
27,,FAIRWAY,,1978/10/05,0,アルバム,,,
28,,愛を止めないで,,1979/01/20,0,シングル,,,
29,,風に吹かれて,,1979/06/05,0,シングル,,,
30,,Three and Two,,1979/10/20,0,アルバム,,,
31,,さよなら,,1979/12/01,0,シングル,,,
32,,生まれ来る子供たちのために,,1980/03/05,0,シングル,,,
33,,LIVE,,1980/05/05,0,アルバム,,,
34,,Yes-No,,1980/06/21,0,シングル,,,
35,,We are,,1980/11/21,0,アルバム,,,
36,,時に愛は,,1980/12/01,0,シングル,,,
37,,I LOVE YOU,,1981/06/21,0,シングル,,,
38,,SELECTION 1978-81,,1981/09/01,0,アルバム,,,
39,,over,,1981/12/01,0,アルバム,,,
40,,愛の中へ,,1981/12/01,0,シングル,,,
41,,言葉にできない,,1982/02/01,0,シングル,,,
42,,YES-YES-YES,,1982/06/10,0,シングル,,,
43,,NEXT SOUND TRACK,,1982/09/21,0,アルバム,プロローグ〜こころは気紛れ〜やさしさにさようなら〜風に吹かれて〜恋を抱きしめよう〜眠れぬ夜〜時に愛は〜せつなくて〜きかせて〜揺れる心〜YES-YES-YES〜Yes-No〜一億の夜を越えて〜言葉にできない〜I LOVE YOU〜愛を止めないで,,
44,,君が、嘘を、ついた,,1984/04/21,0,シングル,,,
45,,The Best Year of My Life,,1984/06/21,0,アルバム,,,
46,,夏の日,,1984/07/18,0,シングル,,,
47,,緑の日々,,1984/09/21,0,シングル,,,
48,,call,,1985/02/21,0,シングル,,,
49,,たそがれ,,1985/05/22,0,シングル,,,
50,,Back Streets of Tokyo,,1985/08/01,0,アルバム,原曲：恋人たちのように,,
51,,夏から夏まで,,1985/09/21,0,シングル,,,
52,,ENDLESS NIGHTS,,1985/11/30,0,シングル,,,
53,,IT'S ALL RIGHT,,1987/03/04,0,シングル,,,
54,,as close as possible,,1987/03/28,0,アルバム,,,
55,,もっと近くに,,1987/05/25,0,シングル,,,
56,,君住む街へ,,1988/01/25,0,シングル,,,
57,,Still a long way to go,,1988/06/09,0,アルバム,,,
58,,she's so wonderful,,1988/07/25,0,シングル,,,
59,,夏の別れ,,1988/10/25,0,シングル,,,
60,,青春,,1971/09/25,0,シングル,,,
61,,田中君じゃないか,,1972/02/25,0,シングル,,,
62,,はじめまして,,1972/04/20,0,アルバム,,,
63,,かぐや姫おんすてーじ,,1972/12/20,0,アルバム,,,
64,,かぐや姫さあど,,1973/07/20,0,アルバム,,,
65,,三階建の詩,,1974/03/05,0,アルバム,,,
66,,かぐや姫LIVE,,1974/09/15,0,アルバム,,,
67,,かぐや姫フォーエバー,,1975/03/05,0,アルバム,,,
68,,かぐや姫・今日,,1978/04/25,0,アルバム,,,
69,,the KAGUYAHIME “LIVE”forever,,1985/04/21,0,アルバム,,,
70,,青春の傷み,,2000/10/25,0,シングル,,,
71,,ベスト・ドリーミン コンサート,,2000/11/22,0,アルバム,2000/5/31 NHKホール,,
72,,KAGUYAHIME Best Dreamin',,2010/12/08,0,アルバム,,,
73,,かぐや姫シングル・コレクション,,2017/12/06,0,アルバム,,,1971/09/25
74,,ANOTHERMOOD,,1990/06/21,0,アルバム,,,1983/07/25
75,,脇役であるとも知らずに,,1990/06/21,0,アルバム,,,1984/07/01
76,,群衆の中で,,1970/04/05,0,シングル,,,
77,,夜明けを告げに,,1971/10/05,0,シングル,,,
78,,33 STATION,,1989/04/26,0,アルバム,,,
79,,アコースティックナイト,,2007/12/02,0,アルバム,,,
80,,アコースティックナイト 2nd,,2010/05/15,0,アルバム,,,
81,,アコースティックナイト 3rd,,2014/11/08,0,アルバム,,,
82,,別天地,,1993/07/01,0,アルバム,,,
83,,北斗七星,,1980/04/25,0,アルバム,,,
84,,想い出がつきない夜,,1980/04/25,0,シングル,,,
85,,moonlight,,1981/02/21,0,シングル,,,
86,,渚ゆく,,1981/03/21,0,アルバム,,,
87,,スモークドカラス越しの景色,,1981/09/21,0,アルバム,,,
88,,二人の周期,,1981/09/21,0,シングル,,,
89,,Half Shoot,,1982/08/21,0,アルバム,,,
90,,ORANGE,,1983/05/21,0,アルバム,,,
91,,夜にまぎれて,,1984/09/21,0,シングル,,,
92,,HEART BEAT,,1984/11/05,0,アルバム,,,
93,,悲しくて,,1987/07/25,0,シングル,,,
94,,OUT of TOWN,,1987/09/25,0,アルバム,,,
95,,ALL I NEED'S YOUR LOVE,,1987/10/25,0,シングル,,,
96,,ほんの短い夏,,1993/05/21,0,シングル,,,
97,,海がここに来るまで,,1993/06/18,0,アルバム,,,
98,,NEVER/新しい静けさ,,1993/11/19,0,シングル,,,
99,,涙を連れて旅に出ようか,,1994/04/21,0,シングル,,,
100,,メガロポリスの錯覚,,1994/05/20,0,アルバム,,,
101,,ささやかなこの人生'94,,1994/07/21,0,シングル,,,
102,,時のしずく,,1996/10/23,0,アルバム,,,
103,,WORKS,,2000/11/20,0,アルバム,,,
104,,なごり雪,,2002/04/21,0,シングル,,,
105,,garden,,2003/10/22,0,アルバム,,,
106,,22才の別れ,,2007/04/28,0,シングル,,,
107,,ISE SHOZO SELF COVER SELECTION,,2010/12/22,0,アルバム,,,
108,,伊勢正三 ソロ・シングルス・プラス,,2010/12/22,0,アルバム,,,
109,,ISE SHOZO ALL TIME BEST 〜Then & Now〜,,2016/11/09,0,アルバム,,,
110,,伊勢正三LIVE BEST~風が聴こえる~,,2017/11/08,0,アルバム,風一人旅Live,,
111,,Re-born,,2019/02/20,0,アルバム,,,
112,,もしかして二人は/青い夏,,1999/08/04,0,シングル,,,
113,,伊勢正三LIVE BEST~風が聴こえる~風LIVE Vintage-SPECIAL EDITION,,2018/06/17,0,アルバム,1977渋谷公会堂,,
114,,THE 伊勢正三,,2021/09/22,0,アルバム,2009 津久見市民会館,,
115,,still more,,2023/09/06,0,アルバム,赤坂 BLITZ LIVE 2008,,
116,,K.ODA,,1986/12/03,0,アルバム,,,
117,,BETWEEN THE WORD & THE HEART,,1988/03/05,0,アルバム,,,
118,,Far East Café,,1990/05/09,0,アルバム,,,
119,,Oh! Yeah!,,1991/05/18,0,アルバム,,,
120,,sometime somewhere,,1992/01/25,0,アルバム,,,
121,,MY HOME TOWN,,1993/10/27,0,アルバム,,,
122,,LOOKING BACK,,1996/02/01,0,アルバム,,,
123,,伝えたいことがあるんだ,,1997/11/21,0,アルバム,,,
124,,個人主義,,2000/04/19,0,アルバム,,,
125,,LOOKING BACK 2,,2001/05/16,0,アルバム,,,
126,,自己ベスト,,2002/04/24,0,アルバム,同年2月に発売の21stシングル。フジテレビ系ドラマ『恋ノチカラ』主題歌。,,
127,,そうかな,,2005/06/15,0,アルバム,,,
128,,自己ベスト-2,,2007/11/28,0,アルバム,"<フジテレビ系ドラマ『ファースト・キス』主題歌>
スタッフからの具体的な要望を受けながら、書き下ろされた。",,
129,,どーも,,2011/04/20,0,アルバム,,,
130,,小田日和,,2014/07/02,0,アルバム,,,
131,,あの日 あの時,,2016/04/20,0,アルバム,セルフカバー・アルバム『LOOKING BACK』に収録されたバージョンだが、後奏が一部カットされている。,,
132,,early summer 2022,,2022/06/15,0,アルバム,,,
133,,自己ベスト-3,,2024/11/27,0,アルバム,明治安田企業CM曲 ※初収録,,
134,,LOVE WARS,,1989/11/25,0,アルバム,,,
135,,時代を創った名曲たち 〜瀬尾一三作品集 SUPER digest〜,,2017/11/22,0,アルバム,ALBUM「LIVE'73」より,,1973/12/21
136,,時代を創った名曲たち２ 〜瀬尾一三作品集 SUPER digest〜,,2019/01/30,0,アルバム,ALBUM「若草のころ」より,,1972/04/25
137,,時代を創った名曲たち３ 〜瀬尾一三作品集 SUPER digest〜,,2020/01/08,0,アルバム,SINGLE「サーカスゲーム」B面,,1972/01/25
138,,時代を創った名曲たち４ 〜瀬尾一三作品集 SUPER digest〜,,2023/03/01,0,アルバム,,,1971/10/01
139,,SIGNIFIE,,1983/10/21,0,アルバム,,,
140,,copine,,1985/06/21,0,アルバム,,,
141,,PURE DROPS,,1991/06/21,0,アルバム,アルバム『MIGNONNE』収録曲の別バージョン。,,
142,,IN MY LIFE,,2021/12/08,0,アルバム,,,1979/08/25
143,,私の声が聞こえますか,,1976/04/25,0,アルバム,,,
144,,みんな去ってしまった,,1976/10/25,0,アルバム,,,
145,,あ・り・が・と・う,,1977/06/25,0,アルバム,,,
146,,愛していると云ってくれ,,1978/04/10,0,アルバム,,,
147,,親愛なる者へ,,1979/03/21,0,アルバム,,,
148,,おかえりなさい,,1979/11/21,0,アルバム,,,
149,,生きていてもいいですか,,1980/04/05,0,アルバム,,,
150,,臨月,,1981/03/05,0,アルバム,,,
151,,寒水魚,,1982/03/21,0,アルバム,,,
152,,予感,,1983/03/05,0,アルバム,,,
153,,はじめまして,,1984/10/24,0,アルバム,,,
154,,御色なおし,,1985/04/17,0,アルバム,,,
155,,miss M.,,1985/11/07,0,アルバム,,,
156,,36.5℃,,1986/11/12,0,アルバム,,,
157,,歌暦,,1987/02/21,0,アルバム,,,
158,,Singles,,1987/08/21,0,アルバム,,,1986/11/21
159,,中島みゆき,,1988/03/16,0,アルバム,,,
160,,グッバイガール,,1988/11/16,0,アルバム,,,
161,,回帰熱,,1989/11/15,0,アルバム,,,
162,,夜を往け,,1990/06/13,0,アルバム,,,
163,,歌でしか言えない,,1991/10/23,0,アルバム,,,
164,,誕生/Maybe,,1992/03/04,0,シングル,,,
165,,中島みゆき BEST SELECTION II,,1992/04/01,0,アルバム,,,
166,,浅い眠り,,1992/07/29,0,シングル,,,
167,,EAST ASIA,,1992/10/07,0,アルバム,,,
168,,ジェラシー・ジェラシー,,1993/04/21,0,シングル,,,
169,,時代-Time goes around-,,1993/10/21,0,アルバム,,,
170,,時代 / 最後の女神,,1993/12/01,0,シングル,,,
171,,Singles II,,1994/04/21,0,アルバム,,,1993/12/01
172,,空と君のあいだに/ファイト!,,1994/05/14,0,シングル,,,
173,,LOVE OR NOTHING,,1994/10/21,0,アルバム,,,
174,,旅人のうた,,1995/05/19,0,シングル,,,
175,,10 WINGS,,1995/10/20,0,アルバム,,,
176,,大吟醸,,1996/03/21,0,アルバム,,,
177,,パラダイス・カフェ,,1996/10/18,0,アルバム,,,
178,,たかが愛,,1996/11/21,0,シングル,,,
179,,愛情物語,,1997/11/07,0,シングル,,,
180,,命の別名/糸,,1998/02/04,0,シングル,,,
181,,わたしの子供になりなさい,,1998/03/18,0,アルバム,,,
182,,瞬きもせず,,1998/10/07,0,シングル,,,
183,,大銀幕,,1998/11/06,0,アルバム,,,
184,,月-WINGS,,1999/11/03,0,アルバム,,,
185,,日-WINGS,,1999/11/03,0,アルバム,,,
186,,地上の星/ヘッドライト・テールライト,,2000/07/19,0,シングル,,,
187,,短篇集,,2000/11/15,0,アルバム,,,
188,,心守歌,,2001/09/19,0,アルバム,,,
189,,Singles 2000,,2002/04/17,0,アルバム,,,
190,,おとぎばなし-Fairy Ring-,,2002/10/23,0,アルバム,,,
191,,銀の龍の背に乗って,,2003/07/23,0,シングル,,,
192,,恋文,,2003/11/19,0,アルバム,,,
193,,いまのきもち,,2004/11/17,0,アルバム,,,
194,,中島みゆきライヴ! Live at Sony Pictures Studios in L.A.,,2005/03/23,0,アルバム,,,
195,,転生 TEN-SEI,,2005/11/16,0,アルバム,,,
196,,帰れない者たちへ,,2006/02/01,0,シングル,,,
197,,元気ですか,,2006/06/14,0,アルバム,,,
198,,ララバイSINGER,,2006/11/22,0,アルバム,,,
199,,一期一会,,2007/07/11,0,シングル,,,
200,,"I Love You, 答えてくれ",,2007/10/03,0,アルバム,,,
201,,歌旅 -中島みゆきコンサートツアー2007-,,2008/06/11,0,アルバム,,,
202,,愛だけを残せ,,2009/11/04,0,シングル,,,
203,,DRAMA!,,2009/11/18,0,アルバム,,,
204,,真夜中の動物園,,2010/10/13,0,アルバム,,,
205,,荒野より,,2011/10/26,0,シングル,,,
206,,恩知らず,,2012/10/10,0,シングル,,,
207,,常夜灯,,2012/10/24,0,アルバム,,,
208,,十二単〜Singles 4〜,,2013/11/20,0,アルバム,,,
209,,中島みゆき「縁会」2012〜3 -LIVE SELECTION-,,2014/10/29,0,アルバム,,,
210,,麦の唄,,2014/10/29,0,シングル,,,
211,,問題集,,2014/11/12,0,アルバム,,,
212,,組曲 (Suite),,2015/11/11,0,アルバム,,,
213,,中島みゆき・21世紀ベストセレクション『前途』,,2016/11/16,0,アルバム,,,
214,,慕情,,2017/08/23,0,シングル,,,
215,,相聞,,2017/11/22,0,アルバム,,,
216,,中島みゆき ライブ リクエスト -歌旅・縁会・一会-,,2018/12/19,0,アルバム,,,
217,,離郷の歌/進化樹,,2019/09/25,0,シングル,,,
218,,CONTRALTO,,2020/01/08,0,アルバム,,,
219,,ここにいるよ,,2020/12/02,0,アルバム,,,
220,,中島みゆき 2020ラスト・ツアー「結果オーライ」,,2022/02/02,0,アルバム,,,
221,,俱に/銀の龍の背に乗って,,2022/12/14,0,シングル,,,
222,,世界が違って見える日,,2023/03/01,0,アルバム,,,
223,,心音,,2023/09/13,0,シングル,,,
224,,AMII CM NETWORK,,1987/12/16,0,アルバム,,,
225,,22才の別れ,,1975/02/05,0,シングル,,,
226,,風ファーストアルバム,,1975/06/05,0,アルバム,,,
227,,あの唄はもう唄わないのですか,,1975/12/10,0,シングル,,,
228,,時は流れて...,,1976/01/25,0,アルバム,,,
229,,ささやかなこの人生,,1976/06/25,0,シングル,,,
230,,WINDLESS BLUE,,1976/11/25,0,アルバム,,,
231,,ほおづえをつく女,,1976/12/05,0,シングル,,,
232,,夜汽車は南へ,,1977/05/10,0,シングル,,,
233,,海風,,1977/10/25,0,アルバム,,,
234,,MOONY NIGHT,,1978/10/05,0,アルバム,,,
235,,Bye Bye,,1978/10/05,0,シングル,,,
236,,Old Calendar〜古暦〜,,1979/04/25,0,アルバム,,,
237,,風 COMPLETE BEST,,2000/09/21,0,アルバム,,,
238,,シングル・コレクション -22才の別れ-,,2007/07/04,0,アルバム,,,1975/02/05
239,,矢野山脈,,2016/11/30,0,アルバム,,,
240,,春子の部屋〜あまちゃん 80's HITS〜［ソニーミュージック編］,,2013/08/28,0,アルバム,,,
241,,春子の部屋〜あまちゃん 80's HITS〜［ビクター編］,,2013/08/28,0,アルバム,,,
242,,あからんくん,,2015/10/28,0,アルバム,,,
243,,Ray Of Hope,,2011/08/10,0,アルバム,,,
244,,Joy 1.5,,2011/08/10,0,アルバム,85 Live Version,,
245,,SUPER BEST II,,1992/03/25,0,アルバム,,,
246,,i,,2006/12/06,0,アルバム,,,
247,,BELIEVE IN,,1987/11/21,0,アルバム,,,
248,,Face,,1988/09/01,0,アルバム,,,
249,,Hear,,1989/06/21,0,アルバム,,,
250,,PRISM,,1990/05/21,0,アルバム,,,
251,,愛は元気です。,,1991/05/15,0,アルバム,,,
252,,with,,1991/11/21,0,アルバム,,,
253,,White Songs,,1991/12/12,0,アルバム,,,
254,,Docile,,1992/12/12,0,アルバム,,,
255,,愛する人へ〜A MON COEUR〜,,1993/08/21,0,アルバム,,,
256,,with II,,1994/08/01,0,アルバム,,,
257,,幸福の場所,,1994/12/01,0,アルバム,,,
258,,圧倒的に片想い,,1995/10/21,0,アルバム,,,
259,,Daybreak,,1997/10/01,0,アルバム,,,
260,,この愛の始まりも 恋の終わりも,,1998/05/20,0,アルバム,,,
261,,with III,,1998/12/12,0,アルバム,,,
262,,Boy Friend,,1988/10/21,0,シングル,,,
263,,がんばれブロークン・ハート,,1989/04/07,0,シングル,,,
264,,明日の恋に投げKISS,,1989/07/21,0,シングル,,,
265,,6月の雨,,1990/04/21,0,シングル,,,
266,,パレード・パレード,,1990/09/21,0,シングル,,,
267,,友達,,1990/11/21,0,シングル,,,
268,,幸せ探して,,1991/04/25,0,シングル,,,
269,,21世紀の恋人,,1991/06/21,0,シングル,,,
270,,永遠のはじまり,,1991/11/01,0,シングル,,,
271,,ときめきをBelieve,,1992/06/01,0,シングル,,,
272,,いちばん大好きだった,,1992/11/21,0,シングル,,,
273,,最後のKISS,,1993/06/21,0,シングル,,,
274,,いちばん大好きだった / Tonight / がんばれブロークン・ハート,,1993/10/01,0,シングル,,,
275,,SOMEBODY LOVES YOU / 一緒に暮らそう,,1993/11/21,0,シングル,,,
276,,しあわせの涙,,1994/05/21,0,シングル,,,
277,,今夜あなたにフラレたい,,1994/07/21,0,シングル,,,
278,,あしたの私に会いたくて,,1994/11/02,0,シングル,,,
279,,信じるものに救われる,,1995/02/22,0,シングル,,,
280,,MOON,,1995/07/21,0,シングル,,,
281,,しあわせのかたち,,1996/05/02,0,シングル,,,
282,,せめてもの I LOVE YOU,,1997/04/21,0,シングル,,,
283,,FACE UP,,1997/08/21,0,シングル,,,
284,,虹のふもとで,,1998/08/05,0,シングル,,,
285,,evergreen,,1995/12/05,0,アルバム,,,
286,,PRESENTS,,1998/03/04,0,アルバム,,,
287,,ベスト・フォーク100~青春のFolk&Pops~,,2005/09/22,0,アルバム,,,1968/03/21
288,,中島みゆき SONG LIBRARY 1,,1997/11/18,0,アルバム,,,1976/06/25
289,,中島みゆき SONG LIBRARY 2,,1997/11/18,0,アルバム,,,1978/03/10
290,,中島みゆき SONG LIBRARY 3,,1997/11/18,0,アルバム,,,1981/11/28
291,,中島みゆき SONG LIBRARY 4,,1997/11/18,0,アルバム,,,1983/01/11
292,,中島みゆき SONG LIBRARY 5,,1997/11/18,0,アルバム,,,1996/11/07
293,,かえり道,,1975/07/15,0,アルバム,,,
294,,ねがい,,1976/03/05,0,アルバム,,,
295,,GOOD VIBRATION Mr.Kohsetsu in 武道館,,1976/07/10,0,アルバム,,,
296,,今こころのままに,,1977/06/25,0,アルバム,,,
297,,こんな静かな夜,,1978/11/25,0,アルバム,,,
298,,旅立てばそこから男,,1979/11/05,0,アルバム,,,
299,,今日は雨,,1976/02/10,0,シングル,,,
300,,夏の少女,,1977/06/05,0,シングル,,,
301,,れくいえむ,,1979/03/05,0,シングル,,,
302,,思い出にしてしまえるさ,,1980/09/15,0,シングル,,,
303,,海と君と愛の唄,,1980/06/25,0,シングル,,,
304,,25th Anniversary KOSETSU BEST,,1995/08/19,0,アルバム,アルバム「HOME COMMING」,,1988/07/21
305,,ラヴリィ・ハット・ショップ,,1975/10/10,0,アルバム,,,
306,,忘れかけた季節,,1976/10/05,0,アルバム,,,
307,,欅並木,,1976/04/25,0,シングル,,,
308,,洛陽,,1976/09/25,0,シングル,,,
309,,旅酔い唄,,1977/03/05,0,シングル,,,
310,,明日の恋人,,1977/06/07,0,シングル,,,
311,,山田パンダBEST「風の街」,,2000/04/21,0,アルバム,新録,,
312,,ZARD BEST,,1999/05/28,0,アルバム,,,1993/01/27
313,,カントリーガール,,1990/11/14,0,アルバム,New Recording,,
314,,風見鶏,,1977/07/25,0,アルバム,,,
315,,私花集,,1978/03/25,0,アルバム,,,
316,,さよなら にっぽん,,1995/10/25,0,アルバム,,,
317,,さだまさし ベスト,,1994/12/21,0,アルバム,,,
318,,逃げるは恥だが役に立つ オリジナル・サウンドトラック,,2016/12/07,0,アルバム,,,
319,,この道を/会いに行く/坂道を上って/小さな風景,,2018/05/02,0,シングル,,,
320,,その日が来るまで/やさしい風が吹いたら,,2013/04/24,0,シングル,,,
321,,さよならは 言わない,,2009/02/25,0,シングル,,,
322,,チェロとピアノで聞く中島みゆき,,2008/10/22,0,アルバム,,,
323,,チェロとピアノで聞く中島みゆきII,,2009/01/29,0,アルバム,,,
324,,インストゥルメンタルで聞く中島みゆき,,2009/10/21,0,アルバム,,,
325,,インストゥルメンタルで聞く中島みゆきII,,2010/10/13,0,アルバム,,,
326,,インストゥルメンタルで聞く中島みゆきIII,,2011/11/16,0,アルバム,,,
327,,歌がなくても聞こえてくる「中島みゆきの音楽集」～こころに寄り添う24の旋律～,,2023/03/01,0,アルバム,新録,,
328,,くちばしにチェリー,,2002/07/24,0,シングル,,,
329,,HIGH KICKS,,1991/12/21,0,アルバム,,,
330,,RAW LIFE,,1992/11/01,0,アルバム,,,
331,,ケダモノの嵐,,1990/10/01,0,アルバム,,,
332,,ハヴァナイスデー,,1990/12/01,0,アルバム,,,
333,,GOLDBLEND,,2000/03/23,0,アルバム,,,
334,,30,,1995/12/01,0,アルバム,,,
335,,股旅,,1998/03/18,0,アルバム,,,
336,,BALLAD COLLECTION,,1997/12/19,0,アルバム,,,
337,,世に万葉の花が咲くなり,,1992/09/26,0,アルバム,,,
338,,Southern All Stars,,1990/01/13,0,アルバム,,,
339,,A・RA・WA,,2000/10/12,0,シングル,,,
340,,ベストセラー/真実の花,,2001/02/21,0,アルバム,,,
341,,マイ・プレジャー〜With my pleasure〜,,2001/06/20,0,アルバム,,,
342,,エントランス/名前のないうた,,2001/12/05,0,シングル,,,
