id,name,note
1,IS,
2,伊勢正三,
3,あいみょん,
4,立崎優介・田中ユウスケ,
5,関口シンゴ,
6,Sundayカミデ,
7,近藤隆史・立崎優介・田中ユウスケ,
8,MichaelKaneko,
9,近藤隆史,
10,"立崎優介
田中ユウスケ",
11,トオミヨウ,
12,"近藤隆史
田中ユウスケ",
13,立崎優介,
14,會田茂一,
15,"立崎優介・近藤隆史
田中ユウスケ",
16,"近藤隆史・立崎優介
田中ユウスケ",
17,岡村美央,
18,田中ユウスケ,
19,室屋光一郎,
20,永澤和真,
21,川辺素,
22,カミデ,
23,鈴木正人,
24,KOHD,
25,オフ・コース,
26,東海林修,
27,山上路夫,
28,小田和正,
29,深町純,
30,松山猛,
31,重実博,
32,矢沢透,
33,"ストリングス・ブラス・アレンジ
青木望",
34,鈴木康博,
35,鈴木康博・重実博,
36,-,
37,松本隆,
38,筒美京平,
39,矢野誠,
40,Al Cleveland・Marvin Gaye・Renaldo Benson,
41,A.Cleaveland・M.Gaye・R.Benson,
42,Bernie Taupin,
43,Elton John,
44,William.Salter,
45,Ralph MacDonald,
46,Linda Creed,
47,Thom Bell,
48,Roger Nichols,
49,Paul Williams,
50,J.L.Dabadie,
51,Michel Polnareff,
52,Gilbert O'Sullivan,
53,John Lennon・Pal McCartney,
54,George Harrison,
55,Hal David,
56,Burt Bacharach,
57,民謡,
58,小椋佳,
59,井上陽水,
60,斉藤哲夫,
61,"ストリングス＆ウッドウインド編曲
鈴木康博",
62,オフコース,
63,"ストリングス & ウッドウインド編曲
鈴木康博",
64,小田和正・鈴木康博,
65,青木望,
66,"ホーンセクション編曲
鈴木康博",
67,"ブラスセクション編曲
鈴木康博",
68,松尾一彦,
69,鈴木康博・清水仁,
70,安部光俊,
71,大間仁世 · 松尾一彦,
72,安部光俊・鈴木康博,
73,鈴木康博・大間仁世,
74,鈴木康博・大間仁世・安部光俊,
75,小田和正・大間仁世・松尾一彦,
76,清水仁 · 大間仁世 · 松尾一彦,
77,大間仁世・松尾一彦,
78,JIMMY COMPTON,
79,PHILIP H.RHODES,
80,KAZUMASA ODA,
81,秋元康,
82,小田和正・ランディ・グッドラム,
83,Randy Goodrum,
84,Kazumasa Oda,
85,Peter Wolf and OFF COURSE,
86,Kazuhiko Matsuo,
87,Petr Wolf & OFF COURSE,
88,"小田和正
英語監修 : PHILIP H. RHODES",
89,小田和正・Randy Goodrum,
90,松本一起,
91,清水仁 · 松尾一彦,
92,Dann Huff,
93,松本一起 · 小田和正,
94,小田和正 · 松尾一彦,
95,清水仁・松尾一彦,
96,松本一起・小田和正,
97,吉田拓郎,
98,清水仁,
99,かぐや姫,
100,南 こうせつ,
101,大柿隆,
102,喜多條 忠,
103,小山恭弘,
104,南こうせつ,
105,忌野 清志郎,
106,武田 清一,
107,よしだ たくろう,
108,よしだたくろう,
109,別役 実,
110,小室 等,
111,関沢 新一,
112,山田 つぐと,
113,及川 恒平,
114,石川鷹彦,
115,木田高介,
116,瀬尾一三,
117,喜多条忠,
118,水谷みゆき,
119,神山純,
120,松任谷正隆,
121,佐藤準,
122,水谷公生,
123,石川鷹彦・かぐや姫,
124,山田つぐと,
125,喜多條忠,
126,南 こうせつ・伊勢正三,
127,山田嗣人,
128,よしだ　たくろう,
129,けむ秋尾,
130,すぎやまこういち,
131,ゴンチチ,
132,ゴンザレス三上,
133,ゴンザレス三上・チチ松村,
134,Walfgang Amadeus Mozart,
135,チチ松村,
136,ジ・オフ・コース,
137,ベティ・ディーン,
138,馬飼野俊一,
139,"上条友章
補作曲：村井邦彦",
140,山川啓介,
141,加藤和彦,
142,チューリップ,
143,財津和夫,
144,チューリップ・木田高介,
145,チューリップ・青木望,
146,チューリップ・川口真,
147,安部俊幸,
148,姫野達也,
149,財津和夫・姫野達也,
150,乾裕樹,
151,Bert T.,
152,なごみーず,
153,荒木一郎,
154,北山修,
155,長谷川きよし,
156,日高富明,
157,大瀧詠一,
158,大野真澄,
159,常富喜雄,
160,ジョン・レノン＆オノ・ヨーコ,
161,杏子,
162,平井夏美,
163,Jurassix,
164,ストリングス & バグパイプアレンジ：森英治,
165,田村玄一,
166,間宮工&kyoko,
167,馬場一嘉,
168,佐藤厚,
169,辻畑鉄也,
170,Picasso,
171,Target,
172,森一美,
173,森一美＆Target,
174,James Udesky,
175,岩倉健二,
176,伊勢正三・井上毅,
177,国吉良一,
178,大島ミチル,
179,重実徹,
180,伊勢正三・TOMOKO,
181,佐藤準・伊勢正三,
182,梶原順,
183,有賀啓雄,
184,伊勢正三　有賀啓雄,
185,山下庸介,
186,伊勢正三・佐藤準,
187,風,
188,大久保一久,
189,SPICYCHOCOLATE,
190,伊勢正三・森一美,
191,伊勢正三・山本潤子,
192,Rhett Lawrence and 小田和正,
193,Dann Huff and 小田和正,
194,Robbie Buchanan and 小田和正,
195,Johnny Marcer,
196,Henry Mancini,
197,ROBBIE BUCHANAN・小田和正,
198,DANN HUFF・小田和正,
199,松任谷由実,
200,岡本おさみ,
201,天野滋,
202,NSP,
203,三浦雄也,
204,雅夢,
205,山本厚太郎,
206,山本コウタローとウィークエンド,
207,千家和也,
208,小森田実,
209,森川美穂,
210,工藤忠行,
211,山木康世,
212,ふきのとう,
213,阿久悠,
214,宮下富実夫,
215,渡辺典子,
216,かまやつひろし,
217,石川優子,
218,荒井由実,
219,バンバン,
220,德永英明,
221,谷山浩子,
222,中島みゆき,
223,尾崎亜美,
224,杏里,
225,久松史奈／藤生ゆかり,
226,藤生ゆかり,
227,久松史奈,
228,長渕剛,
229,八神純子,
230,工藤静香,
231,岡田冨美子,
232,ロブバード,
233,中島美嘉,
234,門あさ美,
235,ももいろクローバーZ,
236,ASKA,
237,CHAGE and ASKA,
238,平原綾香,
239,葵まさひこ,
240,シモンズ,
241,ハイ・ファイ・セット,
242,安井かずみ,
243,立木リサ＆今野雄二,
244,竜真知子,
245,庄野真代,
246,Chage／田北憲次,
247,Chage,
248,西城秀樹,
249,松山千春,
250,瀬尾一三／長渕剛,
251,麻生圭子,
252,及川恒平,
253,原茂,
254,六文銭,
255,石山恵三,
256,猫,
257,武田全弘,
258,石川セリ,
259,大貫妙子,
260,松田聖子,
261,稲葉喜美子,
262,山梨鐐平,
263,吉沢秋絵 with おニャン子クラブ,
264,吉田拓郎・加藤和彦,
265,ちあき哲也,
266,ASKA／瀬尾一三,
267,北山瑞穂,
268,CINDY,
269,中山美穂,
270,篠原仁志,
271,ナウ,
272,山田パンダ,
273,"浜口庫之助
英詞：奈良橋洋子",
274,浜口庫之助,
275,しばたはつみ,
276,有賀恒夫,
277,芝田洋一,
278,松下誠,
279,ジュディー・アントン,
280,角松敏生,
281,松崎真人,
282,安藤芳彦,
283,村田和人,
284,児島未散,
285,吉元由美,
286,河合奈保子,
287,大津あきら,
288,東野純直,
289,坂本龍一,
290,清水信之,
291,鈴木慶一,
292,清水靖晃,
293,中西俊博,
294,坂本龍一・鈴木さえ子,
295,C.Coper,
296,R.Musumarra,
297,"R.Wargnier
日本語詞: 大貫妙子",
298,R.Wargnier,
299,HUBU,
300,MartyPaich,
301,小林武史,
302,谷川俊太郎,
303,門倉聡,
304,鈴木茂,
305,三浦徳子,
306,西崎進,
307,エジソンと発明王,
308,エジソン,
309,吉野金次,
310,吉野金次・福井峻,
311,福井峻,
312,福井峻・吉野金次,
313,後藤次利,
314,戸塚修,
315,後藤次利・中島みゆき,
316,星勝,
317,安田裕美,
318,萩田光雄,
319,井上堯之,
320,小野崎孝輔,
321,倉田信雄,
322,チト河内,
323,告井延隆,
324,山下三智夫&クリスタルキング,
325,クニ河内,
326,久石譲,
327,椎名和夫,
328,船山基紀,
329,井上鑑,
330,若草恵,
331,甲斐よしひろ,
332,唐十郎,
333,DavidCampbell,
334,浦田恵司,
335,瀬尾一三・DavidCampbell,
336,さだまさし・中島みゆき,
337,井上尭之,
338,中島みゆき・瀬尾一三,
339,瀬尾一三・中村哲,
340,中島みゆき・瀬尾一三・弦一徹,
341,中島みゆき・瀬尾一三・小林信吾,
342,瀬尾一三・小林信吾,
343,小林信吾,
344,中村哲,
345,堀信泰,
346,パピ（尾崎亜美）,
347,大久保 一久,
348,矢野顕子,
349,島田芳文,
350,古賀政男,
351,坂本龍一＆矢野顕子,
352,糸井重里,
353,矢野顕子＆坂本龍一,
354,矢野顕子＆PETER BARAKAN,
355,糸井重里＆矢野顕子,
356,高橋悠治,
357,矢野顕子＆宮沢和史,
358,PAT METHENY,
359,アメリカ民謡,
360,MINOCINELU＆矢野顕子,
361,JEFFROVA,
362,友部正人,
363,槇原敬之,
364,JEFFROVA＆矢野顕子,
365,岸田繁＆矢野顕子,
366,矢野顕子＆岸田繫,
367,MIYA,
368,矢野顕子＆小田和正,
369,谷村新司,
370,忌野清志郎,
371,AZUMAHITOMI＆細海魚,
372,松本淳一,
373,Seiho,
374,tofubeans,
375,矢野顕子＆Seiho,
376,斎藤ネコ,
377,一倉宏,
378,倉成英俊＆三浦北斗＆草柳夏来,
379,大滝詠一,
380,奥田民生,
381,TONINHOHORTA,
382,PADDY MOLONEY＆矢野顕子,
383,THECHIEFTANS&矢野顕子,
384,Yoshinori Ohashi,
385,LEONARD BORISOFF&JOHN MADARA&DAVID WHITE,
386,LEONARD BORISOFF,
387,GIULIOCAMASSI,
388,大友良英,
389,多羅尾伴内,
390,村下孝蔵,
391,町支寛二,
392,阿木燿子,
393,ジュディ・オング,
394,伊達歩,
395,大谷和夫,
396,近藤真彦,
397,土屋昌巳,
398,一風堂,
399,森山達也,
400,"Joey Carbone
日本語詞：売野雅勇",
401,Joey Carbone,
402,シブがき隊,
403,翔,
404,横浜銀蝿・若草恵,
405,紅麗威甦,
406,茂木由多加,
407,早見優,
408,細野晴臣,
409,スターボー,
410,宇崎竜童,
411,大沢逸美,
412,吉幾三,
413,野村豊,
414,三浦百恵,
415,沢田研二,
416,伊藤銀次,
417,アン・ルイス,
418,有川正沙子,
419,和泉常寛,
420,新川博,
421,1986 オメガトライブ,
422,佐野元春,
423,水谷麻里,
424,新田恵利,
425,瀬井広明,
426,国生さゆり with おニャン子クラブ,
427,高橋研,
428,おニャン子クラブ,
429,来生えつこ,
430,来生たかお,
431,薬師丸ひろ子,
432,原田知世,
433,武部聡志,
434,斉藤由貴,
435,奈良橋陽子・山川啓介,
436,タケカワユキヒデ,
437,ミッキー吉野,
438,ゴダイゴ,
439,細野晴臣・坂本龍一・高橋幸宏,
440,YMO,
441,イモ欽トリオ,
442,忌野清志郎+坂本龍一,
443,康珍化,
444,佐久間正英,
445,小泉今日子,
446,中森明菜,
447,鷺巣詩郎,
448,松本伊代,
449,河合その子,
450,売野雅勇,
451,芹澤廣明,
452,チェッカーズ,
453,NOBODY,
454,大村雅朗,
455,吉川晃司,
456,大沢誉志幸,
457,山下久美子,
458,森雪之丞,
459,クラッシュギャルズ,
460,加瀬邦彦,
461,セイントフォー,
462,Eilleen,
463,都倉俊一,
464,John D'andrea・David Wheatly,
465,少女隊,
466,藤井一子,
467,吉実明弘,
468,荻野目洋子,
469,細井豊,
470,太田裕美,
471,名倉七海,
472,細井勇作,
473,我那覇美奈,
474,モリユイウエノハラ,
475,しなまゆ,
476,池田聡,
477,木本浩之,
478,SHINO from WORLD WONDERφ,
479,MICHIKA,
480,イルカ,
481,土方英司 from Luster Gloss,
482,土方英司,
483,オプチミシン feat.MIKI-LOW,
484,山下達郎,
485,服部克久,
486,後藤勇一郎,
487,"Edith Piaf
Mack David",
488,Pierre Louiguy,
489,吉田美奈子,
490,ALAN O'DAY,
491,浜田省吾,
492,伊藤銀次・山下達郎,
493,飛鳥涼,
494,飛鳥涼・THE ALPHA・瀬尾一三,
495,澤地隆,
496,CHAGE,
497,Light House Project,
498,秋谷銀四郎,
499,西平彰,
500,西平彰・十川知司,
501,十川知司,
502,飛鳥涼・BLACK EYES,
503,飛鳥涼・十川知司,
504,飛鳥涼・JESS Balley,
505,谷村有美,
506,MASAGORO,
507,山田ひろし,
508,上田薫,
509,井上ヨシマサ,
510,松本晃彦,
511,竹花いち子,
512,伊秩弘将,
513,溝口肇,
514,戸沢暢美,
515,西脇辰弥,
516,谷村有美・あさくらせいら,
517,谷村有美・戸沢暢美,
518,小西康陽,
519,神沢礼江,
520,遠藤京子,
521,山崎羽咲,
522,"西脇辰弥
西脇辰弥",
523,白峰美津子,
524,柴矢俊彦,
525,"白峰美津子
山崎羽咲",
526,"谷村有美
西脇辰弥",
527,鮎川めぐみ,
528,一色そらん,
529,亀田誠治,
530,石川あゆ子,
531,坂田和子,
532,崎谷健次郎,
533,前嶋康明,
534,高橋諭一,
535,前嶋康明・谷村有美,
536,桜井鉄太郎,
537,井上睦都実,
538,鈴木俊介,
539,MY LITTLE LOVER,
540,小林武史・AKKO,
541,藤井謙二・小林武史,
542,AKKO,
543,サトウハチロー,
544,ありたあきら,
545,ザ・フォーク・クルセイダーズ,
546,端田宣彦,
547,はしだのりひことシューベルツ,
548,村井邦彦,
549,小谷充,
550,トワ・エ・モワ,
551,五木寛之,
552,川口真,
553,ザ・フォーク・クルセダーズ,
554,フォーク・パロディ・ギャング,
555,水島哲,
556,喜多嶋修,
557,ザ・ランチャーズ,
558,鳥塚繁樹,
559,森岡賢一郎,
560,ザ・ワイルドワンズ,
561,市川染五郎,
562,澤田駿吾,
563,ザ・ハプニングス・フォー,
564,横内章次,
565,フォア・ダイムズ,
566,橋本淳,
567,鈴木邦彦,
568,ザ・ゴールデン・カップス,
569,垣見源一郎,
570,新田和長,
571,ザ・リガニーズ,
572,早川義夫,
573,JACKS,
574,寺山修司,
575,加藤ヒロシ,
576,藤田敏雄,
577,いずみたく,
578,渋谷毅,
579,フォー・セインツ,
580,杉田二郎,
581,ジローズ,
582,加藤和彦と北山修,
583,山口洋子,
584,内藤法美,
585,"端田宣彦
坂庭省悟",
586,はしだのりひことクライマックス,
587,原田晴子,
588,落合和徳,
589,キャッスル＆ゲイツ,
590,モダン・フォーク・フェローズ,
591,渡辺ショク,
592,真田正徳,
593,佐藤勝,
594,黒沢久雄,
595,森繁久彌,
596,シュリークス,
597,難波寛臣,
598,河邨文一郎,
599,新井武士,
600,ダウン・タウン・ブギウギ・バンド,
601,モップス,
602,鈴木ヒロミツ,
603,つなき＆みどり,
604,山崎稔,
605,竜崎孝路,
606,三輪車,
607,荒木とよひさ,
608,片山知子,
609,川内康範,
610,りりィ,
611,Graciela Susana,
612,チェリッシュ,
613,アリス,
614,グレープ,
615,小坂恭子,
616,甲斐バンド,
617,高石ともやとザ・ナターシャー・セブン,
618,小林麻美,
619,湯川れい子,
620,中島安敏,
621,安西マリア,
622,堀内孝雄,
623,篠原信彦,
624,因幡晃,
625,丸山圭子,
626,田村功夫,
627,惣領泰則,
628,シグナル,
629,長岡和弘,
630,松藤英男・甲斐よしひろ,
631,奥山恍伸,
632,訳詞:なかにし礼,
633,M.Laurent,
634,福場哲之,
635,りりぃ,
636,さだまさし,
637,渡辺俊幸,
638,清須邦義,
639,なかにし礼,
640,F.Aguilar,
641,あんべ光俊,
642,岩谷時子,
643,竹田和夫,
644,クリエーション,
645,研ナオコ,
646,桜田淳子,
647,梅垣達志,
648,柏原芳恵,
649,郷ひろみ,
650,三田寛子,
651,小笠原寛,
652,ちあきなおみ,
653,山川恵津子,
654,中江有里,
655,長山洋子,
656,高尾直樹,
657,福井崚,
658,加藤登紀子,
659,朝倉紀幸,
660,小林信吾・斉藤ノヴ,
661,西田ひかる,
662,田辺信一,
663,グラシェラ・スサーナ,
664,根津甚八,
665,あかのたちお,
666,日吉ミミ,
667,森山良子,
668,増田けい子,
669,古手川祐子,
670,坂本龍一・筒美京平,
671,甲斐正人,
672,松坂慶子,
673,服部克久・J.サレッス,
674,小柳ルミ子,
675,松本典子,
676,前川清,
677,夏木マリ,
678,田中一郎 and 甲斐よしひろ,
679,佐田玲子,
680,真璃子,
681,川村栄二,
682,香坂みゆき,
683,吉田日出子,
684,山内美恵子,
685,Draw4,
686,J. Chiccarelli,
687,南いくよ,
688,徳武弘文,
689,正司明弘,
690,SHIGE,
691,水谷公生・南こうせつ,
692,南こうせつ・伊勢正三,
693,Joe Henry,
694,John Jarvis,
695,山田彗津子,
696,杉紀彦,
697,吉川忠英,
698,山田智英,
699,内山修,
700,内山修・ムーンライダーズ,
701,吉岡治,
702,ムーンライダーズ,
703,上柴はじめ,
704,ZARD,
705,坂井泉水,
706,織田哲郎,
707,葉山たけし,
708,栗林誠一郎,
709,明石昌夫,
710,上杉昇・坂井泉水,
711,出口雅之,
712,明石昌夫・池田大介,
713,春畑道哉,
714,小澤正澄,
715,池田大介,
716,徳永暁人,
717,石井AQ,
718,石井AQ・谷山浩子,
719,鳴海寛・山川恵津子,
720,平野孝幸,
721,橋本一子・藤本敦夫,
722,Jimmie Haskell,
723,"さだまさし
Joseph Mohr",
724,"さだまさし
Frannz Gruber",
725,さだまさし・福田郁次郎,
726,藤田大士,
727,act21 Tour Band 各自てきとう,
728,信田かずお,
729,山本直純,
730,末廣健一郎,
731,MAYUKO,
732,佐藤朋生,
733,十川ともじ,
734,EGO-WRAPPIN',
735,中納良恵,
736,森雅樹,
737,THE BLUE HEARTS,
738,甲本ヒロト,
739,河口純之助,
740,真島昌利,
741,河口純之助・甲本ヒロト,
742,佐久間正英・真島昌利,
743,UNICORN,
744,堀内一史,
745,川西幸一,
746,手島いさむ,
747,阿部義晴,
748,鈴木勝,
749,服部良一,
750,GOZ,
751,奥田民生・アンディ・スターマー,
752,ボビー・ヘブ,
753,X JAPAN,
754,YOSHIKI,
755,白鳥瞳 & YOSHIKI,
756,サザンオールスターズ,
757,"桑田佳祐
トミー・スナイダー（英語補作詞）",
758,桑田佳祐,
759,"小林武史
サザンオールスターズ",
760,桑野聖,
761,村田陽一（管編曲）,
762,山本拓夫（管編曲）,
763,トミー・スナイダー,
764,"小林武史
桑田佳祐",
765,ルイス・サルトール,
766,"サザンオールスターズ
小林武史",
767,"サザンオールスターズ
門倉聡",
768,LINDA OMORI,
769,まこと,
770,たいせー,
771,加藤みちあき,
772,HULK,
773,福田裕彦,
774,RYUJI,
775,荻野桂子,
776,宮手健雄,
777,今井千尋,
