id,album_id,track_no,title,duration,note,track_kana,original_release_date
1,1,1,風に吹かれて,,,,
2,1,2,雨に眠る,,,,
3,2,1,遠ざかる雨,,,,
4,2,2,海辺にて,,,,
5,3,1,憧れてきたんだ,,,,
6,3,2,生きていたんだよな,,,,
7,3,3,君はロックを聴かない,,,,
8,3,4,マトリョーシカ,,,,
9,3,5,ふたりの世界,,,,
10,3,6,いつまでも,,,,
11,3,7,愛を伝えたいだとか,,,,
12,3,8,風のささやき,,,,
13,3,9,RING DING,,,,
14,3,10,ジェニファー,,,,
15,3,11,漂白,,,,
16,4,1,満月の夜なら,,,,
17,4,2,マリーゴールド,,,,
18,4,3,ら、のはなし,,,,
19,4,4,二人だけの国,,,,
20,4,5,プレゼント,,,,
21,4,6,ひかりもの,,,,
22,4,7,恋をしたから,,,,
23,4,8,夢追いベンガル,,,,
24,4,9,今夜このまま,,,,
25,4,10,あした世界が終わるとしても,,,,
26,4,11,GOOD NIGHT BABY,,,,
27,4,12,from 四階の角部屋,,,,
28,5,1,黄昏にバカ話をしたあの日を思い出す時を,,,,
29,5,2,ハルノヒ,,,,
30,5,3,シガレット,,,,
31,5,4,さよならの今日に,,,,
32,5,5,朝陽,,,,
33,5,6,裸の心,,,,
34,5,7,マシマロ,,,,
35,5,8,空の青さを知る人よ,,,,
36,5,9,真夏の夜の匂いがする,,,,
37,5,10,ポプリの葉,,,,
38,5,11,チカ,,,,
39,5,12,そんな風に生きている,,,,
40,6,1,ふたりの世界,,,,
41,6,2,愛を伝えたいだとか,,,,
42,6,3,サラバ,,,,
43,6,4,二人だけの国,,,,
44,6,5,ハッピー,,,,
45,6,6,葵,,,,
46,6,7,ハルノヒ,,,,
47,6,8,裸の心,,,,
48,6,9,マリーゴールド,,,,
49,6,10,青春と青春と青春,,,,
50,7,1,双葉,,,,
51,7,2,スーパーガール,,,,
52,7,3,姿,,,,
53,7,4,初恋が泣いている,,,,
54,7,5,君のこゝろ,,,,
55,7,6,3636,,,,
56,7,7,強くなっちゃったんだ、ブルー,,,,
57,7,8,桜が降る夜は,,,,
58,7,9,ペルソナの記憶,,,,
59,7,10,神秘の領域へ,,,,
60,7,11,ハート,,,,
61,7,12,インタビュー,,,,
62,7,13,愛を知るまでは,,,,
63,8,1,私に見せてよ,,,,
64,8,2,会いに行くのに,,,,
65,8,3,ラッキーカラー,,,,
66,8,4,駅前喫茶ポプラ,,,,
67,8,5,あのね,,,,
68,8,6,ノット・オーケー,,,,
69,8,7,リズム64,,,,
70,8,8,炎曜日,,,,
71,8,9,偽者,,,,
72,8,10,朝が嫌い,,,,
73,8,11,ざらめ,,,,
74,8,12,愛の花,,,,
75,8,13,猫にジェラシー,,,,
76,9,1,おさらば,,,,
77,9,2,悲しきあこがれ,,,,
78,10,1,僕の贈りもの,,,,
79,10,2,めぐり逢う今,,,,
80,10,2,よみがえるひととき,,,,
81,10,3,彼のほほえみ,,,,
82,10,4,水曜日の午後,,,,
83,10,5,地球は狭くなりました,,,,
84,10,6,でももう花はいらない,,,,
85,10,7,歩こう,,,,
86,10,8,ほんの少しの間だけ,,,,
87,10,9,貼り忘れた写真,,,,
88,10,10,静かな昼下がり,,,,
89,10,11,さわやかな朝をむかえるために,,,,
90,11,1,もう歌は作れない,,,,
91,11,2,はたちの頃,,,,
92,12,1,プロローグ,,,,
93,12,2,すきま風,,,,
94,12,3,はたちの頃,,,,
95,12,4,日曜日のたいくつ,,,,
96,12,5,別れの情景(1),,,,
97,12,6,別れの情景(2)〜もう歌は作れない,,,,
98,12,7,新しい門出,,,,
99,12,8,あの角をまがれば,,,,
100,12,9,若すぎて,,,,
101,12,10,のがすなチャンスを,,,,
102,12,11,首輪のない犬,,,,
103,12,12,わが友よ,,,,
104,13,1,忘れ雪,,,,
105,13,2,水いらずの午後,,,,
106,14,1,WHAT'S GOING ON,,,,
107,14,2,YOUR SONG,,,,
108,14,2,WHERE IS THE LOVE,,,,
109,14,2,YOU MAKE ME FEEL BRAND NEW,,,,
110,14,2,YOU ARE EVERYTHING,,,,
111,14,2,I WON'T A LAST DAY WITHOUT YOU,,,,
112,14,2,HOLIDAYS,,,,
113,14,2,ALONE AGAIN (NATURALLY),,,,
114,14,2,TICKET TO RIDE,,,,
115,14,2,SOMETHING,,,,
116,14,2,ALL YOU NEED IS LOVE,,,,
117,14,2,WHAT THE WORLD NEEDS NOW IS LOVE,,,,
118,14,2,MEDLEY:,,,,
119,14,3,竹田の子守唄,,,,
120,14,4,白い一日,,,,
121,14,5,メドレー,,,,
122,14,5,悩み多き者よ,,,,
123,14,6,青春,,,,
124,14,7,秋ゆく街で,,,,
125,14,8,水曜日の午後,,,,
126,14,9,僕の贈りもの,,,,
127,14,10,のがすなチャンスを,,,,
128,14,11,白い帽子,,,,
129,14,12,別れの情景(I),,,,
130,14,13,キリストは来ないだろう,,,,
131,14,14,でももう花はいらない,,,,
132,14,15,僕の贈りもの,,,,
133,14,5,傘がない,,,,
134,15,1,雨の降る日に,,,,
135,15,2,昨日への手紙,,,,
136,15,3,眠れぬ夜,,,,
137,15,4,倖せなんて,,,,
138,15,5,ワインの匂い,,,,
139,15,6,あれから君は,,,,
140,15,7,憂き世に,,,,
141,15,8,少年のように,,,,
142,15,9,雨よ激しく,,,,
143,15,10,愛の唄,,,,
144,15,11,幻想,,,,
145,15,12,老人のつぶやき,,,,
146,16,1,眠れぬ夜,,,,
147,16,2,昨日への手紙,,,,
148,17,1,ひとりで生きてゆければ,,,,
149,17,2,あいつの残したものは,,,,
150,18,1,めぐる季節,,,,
151,18,2,ランナウェイ,,,,
152,19,1,ランナウェイ,,,,
153,19,2,ピロートーク,,,,
154,19,3,こころは気紛れ,,,,
155,19,4,ひとりで生きてゆければ,,,,
156,19,5,ひとりよがり,,,,
157,19,6,青春,,,,
158,19,7,めぐる季節,,,,
159,19,8,おもい違い,,,,
160,19,9,青空と人生と,,,,
161,19,10,恋はさりげなく,,,,
162,19,11,冬が来るまえに,,,,
163,19,12,歌を捧げて,,,,
164,20,1,こころは気紛れ,,,,
165,20,2,あなたがいれば,,,,
166,21,1,秋の気配,,,,
167,21,2,恋人よ そのままで,,,,
168,22,1,INVITATION,,,,
169,22,2,思い出を盗んで,,,,
170,22,3,愛のきざし,,,,
171,22,4,潮の香り,,,,
172,22,5,秋の気配,,,,
173,22,6,変わってゆく女,,,,
174,22,7,あなたがいれば,,,,
175,22,8,恋人よ そのままで,,,,
176,22,9,HERO,,,,
177,23,1,ロンド,,,,
178,23,2,思い出を盗んで,,,,
179,24,1,やさしさにさようなら,,,,
180,24,2,通り過ぎた夜,,,,
181,25,1,やさしさにさようなら,,,,
182,25,2,通りすぎた夜,,,,
183,25,3,僕の贈りもの,,,,
184,25,4,でももう花はいらない,,,,
185,25,5,水曜日の午後,,,,
186,25,6,のがすなチャンスを,,,,
187,25,7,別れの情景I,,,,
188,25,8,眠れぬ夜,,,,
189,25,9,ワインの匂い,,,,
190,25,10,愛の唄,,,,
191,25,11,こころは気紛れ,,,,
192,25,12,青春,,,,
193,25,13,潮の香り,,,,
194,25,14,秋の気配,,,,
195,26,1,あなたのすべて,,,,
196,26,2,海を見つめて,,,,
197,27,1,あなたのすべて,,,,
198,27,2,美しい思い出に,,,,
199,27,3,いつもふたり,,,,
200,27,4,夢,,,,
201,27,5,この空にはばたく前に,,,,
202,27,6,夏の終り,,,,
203,27,7,季節は流れて,,,,
204,27,8,失恋のすすめ,,,,
205,27,9,去っていった友へ —T氏に捧げる—,,,,
206,27,10,心さみしい人よ,,,,
207,28,1,愛を止めないで,,,,
208,28,2,美しい思い出に,,,,
209,29,1,風に吹かれて,,,,
210,29,2,恋を抱きしめよう,,,,
211,30,1,思いのままに,,,,
212,30,2,恋を抱きしめよう,,,,
213,30,3,その時はじめて,,,,
214,30,4,歴史は夜つくられる,,,,
215,30,5,愛を止めないで,,,,
216,30,6,SAVE THE LOVE,,,,
217,30,7,汐風のなかで,,,,
218,30,8,愛あるところへ,,,,
219,30,9,生まれ来る子供たちのために,,,,
220,30,9,いつもいつも,,,,
221,31,1,さよなら,,,,
222,31,2,汐風のなかで,,,,
223,32,1,生まれ来る子供たちのために,,,,
224,32,2,この海に誓って,,,,
225,33,1,愛を止めないで,,,,
226,33,2,Run Away,,,,
227,33,3,恋を抱きしめよう,,,,
228,33,4,雨の降る日に,,,,
229,33,5,思いのままに,,,,
230,33,6,風に吹かれて,,,,
231,33,7,汐風のなかで,,,,
232,33,8,失恋のすすめ,,,,
233,33,9,老人のつぶやき,,,,
234,33,10,さわやかな朝をむかえるために,,,,
235,33,11,Chill's Song,,,,
236,33,12,歴史は夜つくられる,,,,
237,33,13,君を待つ渚,,,,
238,33,14,SAVE THE LOVE,,,,
239,33,15,生まれ来る子供たちのために,,,,
240,33,16,さよなら,,,,
241,33,17,のがすなチャンスを,,,,
242,33,18,愛を止めないで,,,,
243,33,19,僕の贈りもの,,,,
244,34,1,Yes-No,,,,
245,34,2,愛の終わる時,,,,
246,35,1,時に愛は,,,,
247,35,2,僕等の時代,,,,
248,35,3,おまえもひとり,,,,
249,35,4,あなたより大切なこと,,,,
250,35,5,いくつもの星の下で,,,,
251,35,6,一億の夜を越えて,,,,
252,35,7,せつなくて,,,,
253,35,8,Yes-No,,,,
254,35,9,私の願い,,,,
255,35,10,きかせて,,,,
256,36,1,時に愛は,,,,
257,36,2,僕等の時代,,,,
258,37,1,I LOVE YOU,,,,
259,37,2,夜はふたりで,,,,
260,38,1,風に吹かれて,,,,
261,38,2,夏の終り,,,,
262,38,3,愛を止めないで,,,,
263,38,4,せつなくて,,,,
264,38,5,生まれ来る子供たちのために,,,,
265,38,6,さよなら,,,,
266,38,7,Yes-No,,,,
267,38,8,愛の終わる時,,,,
268,38,9,一億の夜を越えて,,,,
269,38,10,いくつもの星の下で,,,,
270,38,11,I LOVE YOU,,,,
271,39,1,心 はなれて,,,,
272,39,2,愛の中へ,,,,
273,39,3,君におくる歌,,,,
274,39,4,ひととして,,,,
275,39,5,メインストリートをつっ走れ,,,,
276,39,6,僕のいいたいこと,,,,
277,39,7,哀しいくらい,,,,
278,39,8,言葉にできない,,,,
279,39,9,心 はなれて,,,,
280,40,1,愛の中へ,,,,
281,40,2,Christmas Day,,,,
282,41,1,言葉にできない,,,,
283,41,2,君におくる歌,,,,
284,42,1,YES-YES-YES,,,,
285,42,2,メインストリートをつっ走れ,,,,
286,37,1,YES-YES-YES,,,,
287,37,2,素敵なあなた,,,,
288,37,3,愛のゆくえ,,,,
289,37,4,哀しき街,,,,
290,37,5,揺れる心,,,,
291,37,6,きっと同じ,,,,
292,37,7,かかえきれないほどの愛,,,,
293,37,8,決して彼等のようではなく,,,,
294,37,9,I LOVE YOU,,,,
295,43,1,メドレー,,,,
296,43,2,流れゆく時の中で,,,,
297,43,3,眠れぬ夜,,,,
298,43,4,さよなら,,,,
299,43,5,一億の夜を越えて,,,,
300,43,6,さよなら,,,,
301,43,7,NEXTのテーマ -僕等がいた-,,,,
302,43,8,流れゆく時の中で,,,,
303,43,9,I LOVE YOU,,,,
304,43,10,YES-YES-YES,,,,
305,43,11,NEXTのテーマ,,,,
306,44,1,君が、嘘を、ついた,,,,
307,44,2,愛よりも,,,,
308,45,1,恋びとたちのように,,,,
309,45,2,夏の日,,,,
310,45,3,僕等の世界に,,,,
311,45,4,君が、嘘を、ついた,,,,
312,45,5,緑の日々,,,,
313,45,6,愛を切り裂いて,,,,
314,45,7,愛よりも,,,,
315,45,8,気をつけて,,,,
316,45,9,ふたりで生きている,,,,
317,46,1,夏の日,,,,
318,46,2,君の倖せを祈れない,,,,
319,47,1,緑の日々,,,,
320,47,2,CITY NIGHTS,,,,
321,48,1,call,,,,
322,48,2,2度目の夏,,,,
323,49,1,たそがれ,,,,
324,49,2,LAST NIGHT,,,,
325,50,1,FOOL,,,,
326,50,2,SECOND CHANCE,,,,
327,50,3,LOVE'S DETERMINATION,,,,
328,50,4,HER PRETENDER,,,,
329,50,5,EYES IN THE BACK OF MY HEART,,,,
330,50,6,MELODY,,,,
331,50,7,LOVE'S ON FIRE,,,,
332,50,8,ENDLESS NIGHTS,,,,
333,51,1,夏から夏まで,,,,
334,51,2,ぜんまいじかけの嘘,,,,
335,52,1,ENDLESS NIGHTS,,,,
336,52,2,EYES IN THE BACK OF MY HEART,,,,
337,53,1,IT'S ALL RIGHT,,,,
338,53,2,IT'S QUITE ALL RIGHT,,,,
339,54,1,もっと近くに (as close as possible),,,,
340,54,2,IT'S ALL RIGHT (ANYTHING FOR YOU),,,,
341,54,3,ガラスの破片,,,,
342,54,4,白い渚で,,,,
343,54,5,Tiny Pretty Girl,,,,
344,54,6,Love Everlasting,,,,
345,54,7,I’m a man,,,,
346,54,8,心の扉,,,,
347,54,9,SHE’S GONE,,,,
348,54,10,嘘と噂,,,,
349,55,1,もっと近くに,,,,
350,55,2,Tiny Pretty Girl,,,,
351,53,2,君が、嘘を、ついた,,,,
352,53,3,夏の日,,,,
353,53,4,君の倖せを祈れない,,,,
354,53,5,緑の日々,,,,
355,53,6,call,,,,
356,53,7,たそがれ,,,,
357,53,8,LAST NIGHT,,,,
358,53,9,夏から夏まで,,,,
359,53,10,ぜんまいじかけの嘘,,,,
360,53,11,時代のかたすみで (せめて、今だけ),,,,
361,56,1,君住む街へ,,,,
362,56,2,君住む街へ (INSTRUMENTAL VERSION),,,,
363,57,1,君住む街へ,,,,
364,57,2,she's so wonderful,,,,
365,57,3,I can't stand this,,,,
366,57,4,陽射しの中で,,,,
367,57,5,夏の別れ,,,,
368,57,6,Still a long way to go –また会う日まで–,,,,
369,57,7,多分 その哀しみは,,,,
370,57,8,逢いたい,,,,
371,57,9,悲しい愛を終わらせて,,,,
372,57,10,僕らしい夏,,,,
373,57,11,昨日見た夢,,,,
374,58,1,she's so wonderful,,,,
375,58,2,陽射しの中で,,,,
376,59,1,夏の別れ,,,,
377,59,2,逢いたい,,,,
378,60,1,青春,,,,
379,60,2,山椒哀歌,,,,
380,61,1,田中君じゃないか,,,,
381,61,2,離婚歴三回,,,,
382,62,1,青春,,,,
383,62,2,雪が降る日に,,,,
384,62,3,あの唄が想い出せない,,,,
385,62,4,僕は何をやってもだめな男です,,,,
386,62,5,加茂の流れに,,,,
387,62,6,好きだった人,,,,
388,62,7,ひとりきり,,,,
389,62,8,マキシーのために,,,,
390,62,9,雨が空から降れば,,,,
391,62,10,離婚歴三回,,,,
392,62,11,じんじろ橋,,,,
393,62,12,あの人の手紙,,,,
394,63,1,ひとりきり,,,,
395,63,2,田中君じゃないか,,,,
396,63,3,きっぷ,,,,
397,63,4,約束です,,,,
398,63,5,この秋に,,,,
399,63,6,あの人の手紙,,,,
400,63,7,少女はいつも,,,,
401,63,8,今はちがう季節,,,,
402,63,9,好きだった人,,,,
403,63,10,そんなとき,,,,
404,63,11,おもかげ色の空,,,,
405,64,1,ポカポカ日曜日,,,,
406,64,2,アビーロードの街,,,,
407,64,3,けれど生きている,,,,
408,64,4,あてもないけど,,,,
409,64,5,黄色い船,,,,
410,64,6,そんな人ちがい,,,,
411,64,7,神田川,,,,
412,64,8,遠い街,,,,
413,64,9,突然さよなら,,,,
414,64,10,大きな片想い,,,,
415,64,11,僕の胸でおやすみ,,,,
416,65,1,人生は流行ステップ,,,,
417,65,2,22才の別れ,,,,
418,65,3,あの日のこと,,,,
419,65,4,南風知らん顔,,,,
420,65,5,君がよければ,,,,
421,65,6,赤ちょうちん,,,,
422,65,7,雨に消えたほゝえみ,,,,
423,65,8,うちのお父さん,,,,
424,65,9,なごり雪,,,,
425,65,10,お前のサンダル,,,,
426,65,11,この季節が変われば,,,,
427,65,12,こもれ陽,,,,
428,66,1,うちのお父さん,,,,
429,66,2,僕の胸でおやすみ,,,,
430,66,3,ペテン師,,,,
431,66,4,加茂の流れに,,,,
432,66,5,君がよければ,,,,
433,66,6,カリブの花,,,,
434,66,7,22才の別れ,,,,
435,66,8,妹,,,,
436,66,8,海,,,,
437,66,9,星降る夜,,,,
438,66,10,置手紙,,,,
439,66,11,眼をとじて,,,,
440,66,12,あの人の手紙,,,,
441,66,13,神田川,,,,
442,67,1,この秋に,,,,
443,67,2,君がよければ,,,,
444,67,3,ひとりきり,,,,
445,67,4,ペテン師,,,,
446,67,5,赤ちょうちん,,,,
447,67,6,あの日のこと,,,,
448,67,7,マキシーのために,,,,
449,67,8,あてもないけど,,,,
450,67,9,うちのお父さん,,,,
451,67,10,眼をとじて,,,,
452,67,11,加茂の流れに,,,,
453,67,12,けれど生きている,,,,
454,67,13,僕の胸でおやすみ,,,,
455,67,14,神田川,,,,
456,67,15,雪が降る日に,,,,
457,67,16,おもかげ色の空,,,,
458,67,17,こもれ陽,,,,
459,67,18,今はちがう季節,,,,
460,67,19,突然さよなら,,,,
461,67,20,22才の別れ,,,,
462,67,21,あの人の手紙,,,,
463,67,22,アビーロードの街,,,,
464,67,23,なごり雪,,,,
465,67,24,黄色い船,,,,
466,67,25,妹,,,,
467,67,26,好きだった人,,,,
468,68,1,遥かなる想い,,,,
469,68,2,わかれ道,,,,
470,68,3,赤い花束,,,,
471,68,4,麦ふみ,,,,
472,68,5,春の陽だまりの中で,,,,
473,68,6,センセーショナルバンド,,,,
474,68,7,きらいなはずだった冬に,,,,
475,68,8,幸福のメニュー,,,,
476,68,9,笑いしゃんせ 泣きしゃんせ,,,,
477,68,10,おはようおやすみ日曜日,,,,
478,68,11,湘南 夏,,,,
479,68,12,おまえが大きくなった時,,,,
480,69,1,遥かなる想い,,,,
481,69,2,今はちがう季節,,,,
482,69,3,眼をとじて,,,,
483,69,4,赤ちょうちん,,,,
484,69,5,なごり雪,,,,
485,69,6,雪が降る日に,,,,
486,69,7,加茂の流れに,,,,
487,69,8,君がよければ,,,,
488,69,9,わかれ道,,,,
489,69,10,22才の別れ,,,,
490,69,11,好きだった人,,,,
491,69,12,黄色い船,,,,
492,69,13,うちのお父さん,,,,
493,69,14,置手紙,,,,
494,69,15,神田川,,,,
495,69,16,ペテン師,,,,
496,69,17,マキシーのために,,,,
497,69,18,妹,,,,
498,69,19,あの人の手紙,,,,
499,69,20,僕の胸でおやすみ,,,,
500,70,1,青春の傷み,,,,
501,70,2,街並,,,,
502,70,3,愛をつかもう,,,,
503,71,1,僕の胸でおやすみ,,,,
504,71,2,黄色い船,,,,
505,71,3,赤ちょうちん,,,,
506,71,4,加茂の流れに,,,,
507,71,5,置手紙,,,,
508,71,6,おはようおやすみ日曜日,,,,
509,71,7,あの人の手紙,,,,
510,71,8,22才の別れ,,,,
511,71,9,人生は流行ステップ,,,,
512,71,10,こもれ陽,,,,
513,71,11,けれど生きている,,,,
514,71,12,湘南 夏,,,,
515,71,13,眼をとじて,,,,
516,71,14,ひとりきり,,,,
517,71,15,マキシーのために,,,,
518,71,16,神田川,,,,
519,71,17,なごり雪,,,,
520,71,18,おもかげ色の空,,,,
521,72,1,神田川,,,,
522,72,2,雪が降る日に,,,,
523,72,3,置手紙,,,,
524,72,4,おはようおやすみ日曜日,,,,
525,72,5,けれど生きている,,,,
526,72,6,青春,,,,
527,72,7,アビーロードの街,,,,
528,72,8,加茂の流れに,,,,
529,72,9,大きな片想い,,,,
530,72,10,君がよければ,,,,
531,72,11,好きだった人,,,,
532,72,12,遥かなる想い,,,,
533,72,13,突然さよなら,,,,
534,72,14,夏この頃,,,,
535,72,15,そんな人ちがい,,,,
536,72,16,黄色い船,,,,
537,72,17,湘南　夏,,,,
538,72,18,僕の胸でおやすみ,,,,
539,72,19,あの人の手紙,,,,
540,72,20,おもかげ色の空,,,,
541,72,1,22才の別れ,,,,
542,72,2,妹,,,,
543,72,3,赤い花束,,,,
544,72,4,うちのお父さん,,,,
545,72,5,星降る夜,,,,
546,72,6,眼をとじて,,,,
547,72,7,幸福のメニュー,,,,
548,72,8,この秋に,,,,
549,72,9,きらいなはずだった冬に,,,,
550,72,10,あの日のこと,,,,
551,72,11,雨に消えたほゝえみ,,,,
552,72,12,赤ちょうちん,,,,
553,72,13,僕は何をやってもだめな男です,,,,
554,72,14,センセーショナルバンド,,,,
555,72,15,ペテン師,,,,
556,72,16,こもれ陽,,,,
557,72,17,ひとりきり,,,,
558,72,18,なごり雪,,,,
559,72,19,マキシーのために,,,,
560,72,20,おまえが大きくなった時,,,,
561,73,1,青春,,,,1971/09/25
562,73,2,山椒哀歌,,,,1971/09/25
563,73,3,田中君じゃないか,,,,1972/02/25
564,73,4,離婚歴三回,,,,1972/02/25
565,73,5,僕は何をやってもだめな男です,,,,1972/06/20
566,73,6,ひとりきり,,,,1972/06/20
567,73,7,僕の胸でおやすみ,,,,1973/07/01
568,73,8,アビーロードの街,,,,1973/07/01
569,73,9,神田川,,,,1973/09/20
570,73,10,もういいじゃないか,,,,1973/09/20
571,73,11,赤ちょうちん,,,,1974/01/10
572,73,12,この季節が変われば,,,,1974/01/10
573,73,13,妹,,,,1974/05/20
574,73,14,夏この頃,,,,1974/05/20
575,74,1,Nickel Dance,,,,1983/07/25
576,74,2,Canal Tune,,,,1983/07/25
577,74,3,水影,,,,1983/07/25
578,74,4,帰ってきた息子,,,,1983/07/25
579,74,5,マルセルでさえも,,,,1983/07/25
580,74,6,トルコ行進曲,,,,1983/07/25
581,74,7,眠りの島,,,,1983/07/25
582,74,8,緑の性格,,,,1983/07/25
583,74,9,リスキチトジャタロ,,,,1983/07/25
584,74,10,支那子,,,,1983/07/25
585,75,11,Jado,,,,1984/07/01
586,75,12,Drop D,,,,1984/07/01
587,75,13,Twilight Walk,,,,1984/07/01
588,75,14,Valse,,,,1984/07/01
589,75,15,マンジャノール,,,,1984/07/01
590,75,16,修学旅行夜行列車南国音楽,,,,1984/07/01
591,75,17,双眼鏡と私,,,,1984/07/01
592,75,18,F人,,,,1984/07/01
593,75,19,闇のシダール,,,,1984/07/01
594,75,20,アスピリン＆アレルギー,,,,1984/07/01
595,75,21,脇役であるとも知らずに,,,,1984/07/01
596,76,1,群衆の中で,,,,
597,76,2,陽はまた昇る,,,,
598,77,1,夜明けを告げに,,,,
599,77,2,美しい世界,,,,
600,78,1,私の小さな人生,,,,
601,78,2,魔法の黄色い靴,,,,
602,78,3,一人の部屋,,,,
603,78,4,心の旅,,,,
604,78,5,夢中さ君に,,,,
605,78,6,夏色のおもいで,,,,
606,78,7,銀の指環,,,,
607,78,8,青春の影,,,,
608,78,9,ぼくがつくった愛のうた,,,,
609,78,10,サボテンの花,,,,
610,78,11,悲しきレイン・トレイン,,,,
611,78,12,あのバスを停めて!,,,,
612,78,13,娘が嫁ぐ朝,,,,
613,78,14,風のメロディ,,,,
614,78,15,ふたつの鍵,,,,
615,78,16,ブルー・スカイ,,,,
616,78,17,Welcome to my house,,,,
617,78,18,博多っ子純情,,,,
618,78,19,夕陽を追いかけて,,,,
619,78,1,約束,,,,
620,78,2,虹とスニーカーの頃,,,,
621,78,3,Someday Somewhere,,,,
622,78,4,I am the Editor(この映画のラストシーンは、ぼくにはつくれない),,,,
623,78,5,さよなら道化者,,,,
624,78,6,Shooting star,,,,
625,78,7,ふたりがつくった風景,,,,
626,78,8,THE 10th ODYSSEY,,,,
627,78,9,We Can Fly,,,,
628,78,10,美しい星~2222年ピクニック,,,,
629,78,11,星空の伝言,,,,
630,78,12,夏の夜の海,,,,
631,78,13,たったひとりのオーディエンス,,,,
632,78,14,愛の迷路,,,,
633,79,1,空に星があるように,,,,
634,79,2,22才の別れ,,,,
635,79,3,木綿のハンカチーフ,,,,
636,79,4,学生街の喫茶店,,,,
637,79,5,ママはフォークシンガーだった,,,,
638,80,1,地球はメリーゴーランド,,,,
639,80,2,海岸通,,,,
640,80,3,さらばシベリア鉄道,,,,
641,80,4,あなただけを,,,,
642,80,5,九月の雨,,,,
643,80,6,ささやかなこの人生,,,,
644,81,1,僕らはちっぽけな夢をほどきながら,,,,
645,81,2,君の誕生日,,,,
646,81,3,ママはフォークシンガーだった'14,,,,
647,81,4,Happy Xmas /War is Over,,,,
648,82,1,別天地,,,,
649,82,2,寒い夏,,,,
650,82,3,Jurassic Honeymoon,,,,
651,82,4,禁欲主義,,,,
652,82,5,心のベクトル,,,,
653,82,6,Galileo a Go Go,,,,
654,82,7,はじめての憂鬱,,,,
655,82,8,kissと嘘,,,,
656,82,9,La nif,,,,
657,82,10,アネモネ 〜プロローグ〜,,,,
658,83,1,東京日暮れ色,,,,
659,83,2,Musician,,,,
660,83,3,都方人(みやこかたびと),,,,
661,83,4,想い出がつきない夜,,,,
662,83,5,月影に揺れて,,,,
663,83,6,海を渡る手紙,,,,
664,83,7,サンルームの鍵,,,,
665,83,8,春の日の終りに,,,,
666,83,9,五月雨,,,,
667,83,10,Blue Blue Hawaii(青き海によせて),,,,
668,84,1,想い出がつきない夜,,,,
669,84,2,春の日の終りに,,,,
670,85,1,moonlight,,,,
671,85,2,ポルトガル・キール,,,,
672,86,1,渚ゆく,,,,
673,86,2,マリンタワーの見える街,,,,
674,86,3,雨の日の憧憬,,,,
675,86,4,青春の1ページ,,,,
676,86,5,デジャヴの夢,,,,
677,86,6,若き日の唄,,,,
678,86,7,moonlight,,,,
679,86,8,不思議なCONVERSATION,,,,
680,86,9,冬暦,,,,
681,86,10,エンディングテーマ,,,,
682,87,1,二人の周期,,,,
683,87,2,Sea Side Story,,,,
684,87,3,Heartbreak Moon,,,,
685,87,4,星の足跡,,,,
686,87,5,スモークドガラス越しの景色,,,,
687,87,6,僕と君の子午線,,,,
688,87,7,渚のロコボーイ,,,,
689,87,8,That's where love begins,,,,
690,87,9,軽井沢のキリギリス,,,,
691,87,10,ヨーロピアン・ニューヨーク,,,,
692,87,11,グラフィティの部屋,,,,
693,88,1,二人の周期,,,,
694,88,2,スモークドガラス越しの景色,,,,
695,89,1,白いシャツの少女,,,,
696,89,2,グレー通りの灯り,,,,
697,89,3,夜のFM,,,,
698,89,4,汐風,,,,
699,89,5,9月の島,,,,
700,89,6,ハイドの秋,,,,
701,90,1,リアス式の恋,,,,
702,90,2,Tonight Tonight,,,,
703,90,3,マイタイ・ラララ,,,,
704,90,4,シャワー・ルーム,,,,
705,90,5,色褪せた日々,,,,
706,90,6,Rain Into Your Heart （愛のために）,,,,
707,90,7,Cape 117,,,,
708,90,8,青い10号線,,,,
709,90,9,Orange Grove,,,,
710,90,10,カモン・ラヴ（Save Old Me）,,,,
711,91,1,夜にまぎれて,,,,
712,91,2,9月の島,,,,
713,92,1,Heartbeat,,,,
714,92,2,チャイナドレス,,,,
715,92,3,夜にまぎれて,,,,
716,92,4,忘れられなくて,,,,
717,92,5,NAKASHIBETSU,,,,
718,92,6,人魚の誘惑,,,,
719,92,7,もう泣かないで,,,,
720,92,8,Are You Leav'in?,,,,
721,92,9,11月・ロマンス,,,,
722,93,1,悲しくて,,,,
723,93,2,海辺のジャパニーズ・レストラン,,,,
724,94,1,悲しくなるほど,,,,
725,94,2,ALL I NEED'S YOUR LOVE,,,,
726,94,3,地下鉄は空っぽ,,,,
727,94,4,悲しくて,,,,
728,94,5,久しぶりのしょうがない奴だ,,,,
729,94,6,どこまでもSilent Night,,,,
730,94,7,海辺のジャパニーズ・レストラン,,,,
731,94,8,キャンドルの向こうに,,,,
732,94,9,けんかのあと,,,,
733,95,1,ALL I NEED'S YOUR LOVE,,,,
734,95,2,けんかのあと,,,,
735,96,1,ほんの短い夏,,,,
736,96,2,有り得ない偶然,,,,
737,97,1,ほんの短い夏,,,,
738,97,2,レミングの街,,,,
739,97,3,さよならの到着便,,,,
740,97,4,遠いロンリネス,,,,
741,97,5,有り得ない偶然,,,,
742,97,6,Junk Food,,,,
743,97,7,N.Y. Movement,,,,
744,97,8,バルコニーの休日,,,,
745,97,9,夏の沈黙,,,,
746,97,10,このままずっと,,,,
747,97,11,時の化石,,,,
748,97,12,涙憶,,,,
749,98,1,NEVER,,,,
750,98,2,新しい静けさ,,,,
751,99,1,涙を連れて旅に出ようか,,,,
752,99,2,時が沈む湖,,,,
753,100,1,時が沈む湖,,,,
754,100,2,NEVER,,,,
755,100,3,永遠のチャンネル,,,,
756,100,4,B級映画のように,,,,
757,100,5,キッチン,,,,
758,100,6,涙を連れて旅に出ようか,,,,
759,100,7,WRONG TIME,,,,
760,100,8,水槽の街,,,,
761,100,9,メガロポリスの錯覚,,,,
762,100,10,新しい静けさ,,,,
763,100,11,二つの朝,,,,
764,101,1,ささやかなこの人生'94,,,,
765,101,2,永遠のチャンネル,,,,
766,102,1,Realize -1999年のバレンタイン-,,,,
767,102,2,冬の地下鉄,,,,
768,102,3,ハルの風,,,,
769,102,4,PIER 39,,,,
770,102,5,JUN,,,,
771,102,6,堤防のある町,,,,
772,102,7,夏の流星,,,,
773,102,8,A Girl of 14teen Summers,,,,
774,102,9,海は遠いのかい,,,,
775,102,10,さそり座の森,,,,
776,102,11,12月の砂,,,,
777,102,12,僕と子犬と1月のバス通り,,,,
778,103,1,ほんの短い夏,,,,
779,103,2,水槽の街,,,,
780,103,3,わかれ道,,,,
781,103,4,君と歩いた青春,,,,
782,103,5,キッチン,,,,
783,103,6,さよならの到着便,,,,
784,103,7,そんな暮らしの中で,,,,
785,103,8,冬の地下鉄,,,,
786,103,9,レミングの街,,,,
787,103,10,けんかのあと,,,,
788,103,11,暦の上では,,,,
789,103,12,ささやかなこの人生'94,,,,
790,103,13,ほおづえをつく女,,,,
791,103,14,夜にまぎれて,,,,
792,103,15,涙憶,,,,
793,103,16,なごり雪,,,,
794,103,17,NEVER,,,,
795,103,18,moonlight,,,,
796,103,19,Sea Side Story,,,,
797,103,20,リアス式の恋,,,,
798,103,21,9月の島,,,,
799,103,22,遠ざかる雨,,,,
800,103,23,堤防のある町,,,,
801,103,24,海岸通,,,,
802,103,25,汐風,,,,
803,103,26,シャワー・ルーム,,,,
804,103,27,時の化石,,,,
805,103,28,スモークドガラス越しの景色,,,,
806,103,29,バルコニーの休日,,,,
807,103,30,Musician,,,,
808,103,31,青い10号線,,,,
809,103,32,海風,,,,
810,103,33,22才の別れ,,,,
811,104,1,なごり雪 -opening version-,,,,
812,104,2,なごり雪 -ending version-,,,,
813,105,1,Bayside eyed soul,,,,
814,105,2,永遠のlaladox,,,,
815,105,3,冬のソリスト,,,,
816,105,4,南の魚のミステリー,,,,
817,105,5,白い時刻(とき),,,,
818,105,6,闇の夜のハネムーン,,,,
819,105,7,Cut & Paste,,,,
820,105,8,夏ヤマメ,,,,
821,105,9,君はベージュ,,,,
822,105,10,君と歩いた青春,,,,
823,106,1,22才の別れ,,,,
824,107,1,海風,,,,
825,107,2,置手紙,,,,
826,107,3,なごり雪,,,,
827,107,4,青い夏,,,,
828,107,5,渚ゆく,,,,
829,107,6,スモークドガラス越しの景色,,,,
830,107,7,涙憶,,,,
831,107,8,ささやかなこの人生,,,,
832,107,9,雨の物語,,,,
833,107,10,水の大地（本匠小学校校歌）,,,,
834,107,11,想い遥か（明桜中学校校歌）,,,,
835,107,12,なごり雪（Instrumental） -TSUKUMI STATION-,,,,
836,108,1,moonlight,,,,
837,108,2,ポルトガル・キール,,,,
838,108,3,二人の周期,,,,
839,108,4,汐風,,,,
840,108,5,9月の島,,,,
841,108,6,Heartbeat,,,,
842,108,7,海辺のジャパニーズ・レストラン,,,,
843,108,8,どこまでもSilent Night,,,,
844,108,9,ほんの短い夏,,,,
845,108,10,有り得ない偶然,,,,
846,108,11,NEVER,,,,
847,108,12,永遠のチャンネル,,,,
848,108,13,新しい静けさ,,,,
849,108,14,堤防のある町,,,,
850,108,15,君と歩いた青春,,,,
851,108,16,なごり雪,,,,
852,109,1,22才の別れ,,,,
853,109,2,なごり雪,,,,
854,109,3,アビーロードの街,,,,
855,109,4,置手紙,,,,
856,109,5,ペテン師,,,,
857,109,6,湘南 夏,,,,
858,109,7,わかれ道,,,,
859,109,8,海岸通,,,,
860,109,9,でいどりーむ,,,,
861,109,10,男は明日はくためだけの靴を磨く,,,,
862,109,11,お前だけが,,,,
863,109,12,北国列車,,,,
864,109,13,忘れゆく歴史,,,,
865,109,14,暦の上では,,,,
866,109,15,ささやかなこの人生,,,,
867,109,16,3号線を左に折れ,,,,
868,109,17,通り雨,,,,
869,109,18,アフタヌーン通り25,,,,
870,109,19,地平線の見える街,,,,
871,109,20,君と歩いた青春,,,,
872,109,21,海風,,,,
873,109,22,ほおづえをつく女,,,,
874,109,23,夜汽車は南へ,,,,
875,109,24,月が射す夜,,,,
876,109,25,moonlight,,,,
877,109,26,渚ゆく,,,,
878,109,27,二人の周期,,,,
879,109,28,Sea Side Story,,,,
880,109,29,スモークドガラス越しの景色,,,,
881,109,30,僕と君の子午線,,,,
882,109,31,汐風,,,,
883,109,32,シャワー・ルーム,,,,
884,109,33,さよならの到着便,,,,
885,109,34,有り得ない偶然,,,,
886,109,35,涙憶,,,,
887,109,36,雨の物語,,,,
888,109,37,ほんの短い夏,,,,
889,109,38,レミングの街,,,,
890,109,39,N.Y. Movement,,,,
891,109,40,バルコニーの休日,,,,
892,109,41,NEVER,,,,
893,109,42,永遠のチャンネル,,,,
894,109,43,冬の地下鉄,,,,
895,109,44,堤防のある町,,,,
896,109,45,Bayside eyed soul,,,,
897,109,46,冬のソリスト,,,,
898,109,47,君はベージュ,,,,
899,109,48,さよなら以外に,,,,
900,109,49,あの頃の僕は,,,,
901,109,50,夜のFM,,,,
902,109,51,青い夏,,,,
903,109,52,なごり雪,,,,
904,109,53,Bye Bye,,,,
905,109,54,ささやかなこの人生,,,,
906,109,55,海岸通,,,,
907,109,56,酔いしれた男がひとり,,,,
908,109,57,夕凪,,,,
909,109,58,東京日暮れ色,,,,
910,109,59,Musician,,,,
911,109,60,五月雨,,,,
912,109,61,想い出がつきない夜,,,,
913,109,62,冬京,,,,
914,109,63,海風,,,,
915,109,64,星空,,,,
916,109,65,あの唄はもう唄わないのですか,,,,
917,109,66,あいつ,,,,
918,109,67,少しだけの荷物,,,,
919,109,68,曙,,,,
920,109,69,そんな暮らしの中で,,,,
921,110,1,海岸通,,,,
922,110,2,通り雨,,,,
923,110,3,アフタヌーン通り25,,,,
924,110,4,君と歩いた青春,,,,
925,110,5,星空,,,,
926,110,6,冬京,,,,
927,110,7,海風,,,,
928,110,8,男は明日はくためだけの靴を磨く,,,,
929,110,9,小さな手,,,,
930,110,10,ささやかなこの人生,,,,
931,110,11,22才の別れ,,,,
932,110,12,暦の上では,,,,
933,110,13,あの唄はもう唄わないのですか,,,,
934,110,14,はずれくじ,,,,
935,110,15,ほおづえをつく女,,,,
936,110,16,22才の別れ,,,,
937,110,17,ＭＣ,,,,
938,110,18,あいつ,,,,
939,110,19,でいどりーむ,,,,
940,110,20,桜の道,,,,
941,110,21,お前だけが,,,,
942,110,22,古都,,,,
943,110,23,暦の上では,,,,
944,110,24,時の流れ,,,,
945,110,25,ささやかなこの人生,,,,
946,110,26,ほおづえをつく女,,,,
947,110,27,夜の国道,,,,
948,110,28,3号線を左に折れ,,,,
949,110,29,君と歩いた青春,,,,
950,110,30,夜汽車は南へ,,,,
951,110,31,歴史と季節の国,,,,
952,110,32,そんな暮らしの中で,,,,
953,110,33,置手紙,,,,
954,110,34,なごり雪,,,,
955,111,1,テレポーテーション,,,,
956,111,2,冬の恋,,,,
957,111,3,小さな約束,,,,
958,111,4,夏純情,,,,
959,111,5,雨のウインク,,,,
960,111,6,イノセント・ノベル,,,,
961,111,7,旅する二人,,,,
962,111,8,秋の葉の栞,,,,
963,111,9,コートに花束を隠して,,,,
964,111,10,風の日の少年,,,,
965,111,11,俺たちの詩,,,,
966,111,12,冬の恋 -parallel,,,,
967,112,1,もしかして二人は,,,,
968,112,2,青い夏,,,,
969,113,1,北国列車,,,,
970,113,2,男は明日はくためだけの靴を磨く,,,,
971,113,3,あいつ,,,,
972,113,4,ふるさとの街は今も,,,,
973,113,5,22才の別れ,,,,
974,113,6,少しだけの荷物,,,,
975,113,7,アフタヌーン通り25,,,,
976,113,8,ふっと気がつきゃ,,,,
977,113,9,ペテン師,,,,
978,113,10,海岸通,,,,
979,113,11,星空,,,,
980,113,12,なんとなく,,,,
981,113,13,ほおづえをつく女,,,,
982,113,14,トパーズ色の街,,,,
983,113,15,3号線を左に折れ,,,,
984,113,16,防波堤,,,,
985,113,17,君と歩いた青春,,,,
986,113,18,古都,,,,
987,113,19,酔いしれた男がひとり,,,,
988,113,20,デッキに佇む女,,,,
989,113,21,冬京,,,,
990,113,22,おそかれはやかれ,,,,
991,113,23,お前だけが,,,,
992,113,24,通り雨,,,,
993,113,25,海風,,,,
994,113,26,ささやかなこの人生,,,,
995,114,1,あの唄はもう唄わないのですか,,,,
996,114,2,22才の別れ,,,,
997,114,3,置手紙,,,,
998,114,3,僕の胸でおやすみ,,,,
999,114,4,今はちがう季節,,,,
1000,114,5,アビーロードの街,,,,
1001,114,6,ペテン師,,,,
1002,114,7,きらいなはずだった冬に,,,,
1003,114,8,湘南 夏,,,,
1004,114,9,わかれ道,,,,
1005,114,10,海岸通,,,,
1006,114,11,はずれくじ,,,,
1007,114,12,星空,,,,
1008,114,13,暦の上では,,,,
1009,114,14,あいつ,,,,
1010,114,15,少しだけの荷物,,,,
1011,114,16,冬京,,,,
1012,114,17,君と歩いた青春,,,,
1013,114,18,なごり雪,,,,
1014,114,19,ほんの短い夏,,,,
1015,114,20,青い10号線,,,,
1016,114,21,海辺のジャパニーズレストラン,,,,
1017,114,22,渚ゆく,,,,
1018,114,23,moonlight,,,,
1019,114,24,NEVER,,,,
1020,114,25,時の化石,,,,
1021,114,26,有り得ない偶然,,,,
1022,114,27,さよならの到着便,,,,
1023,114,28,キッチン,,,,
1024,114,29,堤防のある町,,,,
1025,114,30,青い夏,,,,
1026,114,31,Blue Blue Hawaii,,,,
1027,114,32,スモークドガラス越しの景色,,,,
1028,114,33,ほおづえをつく女,,,,
1029,114,34,Tonight Tonight,,,,
1030,114,35,Cape117,,,,
1031,114,36,リアス式の恋,,,,
1032,114,37,９月の島,,,,
1033,114,38,Ｂ級映画のように,,,,
1034,114,39,このままずっと,,,,
1035,114,40,湘南 夏,,,,
1036,114,41,メガロポリスの錯覚,,,,
1037,114,42,レミングの街,,,,
1038,114,43,二人の周期,,,,
1039,114,44,Heart break Moon,,,,
1040,114,45,That's where love begins,,,,
1041,114,46,地平線の見える街,,,,
1042,114,47,海風,,,,
1043,114,48,汐風,,,,
1044,114,49,雨の物語,,,,
1045,114,50,冬の地下鉄,,,,
1046,114,51,新しい静けさ,,,,
1047,114,52,Sea Side Story～３号線を左に折れ～海岸通,,,,
1048,114,53,夜のFM,,,,
1049,114,54,闇の夜のハネムーン,,,,
1050,114,55,涙憶,,,,
1051,114,56,月が射す夜,,,,
1052,114,57,ささやかなこの人生,,,,
1053,114,58,お前だけが,,,,
1054,114,59,そんな暮らしの中で,,,,
1055,114,60,なごり雪,,,,
1056,115,1,ほんの短い夏,,,,
1057,115,2,雨の物語,,,,
1058,115,3,なごり雪,,,,
1059,115,4,北国列車,,,,
1060,115,5,古都,,,,
1061,115,6,君と歩いた青春,,,,
1062,115,7,ささやかなこの人生,,,,
1063,115,8,ほおづえをつく女,,,,
1064,115,9,でいどりーむ,,,,
1065,115,10,moonlight,,,,
1066,115,11,あの頃の僕は,,,,
1067,115,12,22才の別れ,,,,
1068,115,13,はずれくじ,,,,
1069,115,14,何かいいことありそうな明日,,,,
1070,115,15,海岸通,,,,
1071,115,16,あの唄はもう唄わないのですか,,,,
1072,115,1,それは遠い夏,,,,
1073,115,2,どこまでもSilentNight,,,,
1074,115,3,遠いロンリネス,,,,
1075,115,4,冬のソリスト,,,,
1076,115,5,都方人,,,,
1077,115,6,Musician,,,,
1078,115,7,シャワールーム,,,,
1079,115,8,マリンタワーの見える街,,,,
1080,115,9,22才の別れ,,,,
1081,115,10,なごり雪,,,,
1082,115,11,Hideの秋,,,,
1083,115,12,津久見中学校校歌,,,,
1084,115,13,水の大地,,,,
1085,115,14,想い遥か,,,,
1086,115,15,Realize -1999年のバレンタイン-,,,,
1087,115,16,春の流星,,,,
1088,115,17,笑顔,,,,
1089,115,18,渋谷川,,,,
1090,116,1,切ない愛のうたをきかせて,,,,
1091,116,2,冬の二人,,,,
1092,116,3,哀しみを、そのまゝ,,,,
1093,116,4,1985,,,,
1094,116,5,夜の行方,,,,
1095,116,6,信じるところへ,,,,
1096,116,7,明日、あの海で,,,,
1097,116,8,空が高すぎる,,,,
1098,117,1,a song of memories,,,,
1099,117,2,僕の贈りもの,,,,
1100,117,3,静かな夜,,,,
1101,117,4,I miss you,,,,
1102,117,5,一枚の写真,,,,
1103,117,6,誇れるのはたゞ,,,,
1104,117,7,in the city,,,,
1105,117,8,between the word & the heart -言葉と心-,,,,
1106,117,9,ためらわない、迷わない,,,,
1107,117,10,moon river,,,,
1108,118,1,勝手に寂しくならないで,,,,
1109,118,2,春風に乱れて,,,,
1110,118,3,16号を下って,,,,
1111,118,4,君が戻ってくるなんて,,,,
1112,118,5,Far East Café,,,,
1113,118,6,恋は大騒ぎ,,,,
1114,118,7,Little Tokyo,,,,
1115,118,8,time can wait,,,,
1116,118,9,good times & bad times,,,,
1117,118,10,あの人に会える,,,,
1118,119,1,空が高すぎる,,,,
1119,119,2,1985,,,,
1120,119,3,夜の行方,,,,
1121,119,4,I miss you,,,,
1122,119,5,ためらわない、迷わない,,,,
1123,119,6,good times & bad times,,,,
1124,119,7,Little Tokyo,,,,
1125,119,8,春風に乱れて,,,,
1126,119,9,恋は大騒ぎ,,,,
1127,119,10,FAR EAST CLUB BAND SONG,,,,
1128,119,11,ラブ・ストーリーは突然に,,,,
1129,119,12,Oh! Yeah!,,,,
1130,120,1,あなたを見つめて (INST),,,,
1131,120,2,恋する二人,,,,
1132,120,3,ふたつの奇跡,,,,
1133,120,4,思い出に変わるまで,,,,
1134,120,5,あなたを見つめて / 冬子のテーマ,,,,
1135,120,6,君に届くまで,,,,
1136,120,7,二人の夏,,,,
1137,120,8,風と君を待つだけ,,,,
1138,120,9,いつか どこかで,,,,
1139,120,10,時に抱かれて / 正木のテーマ,,,,
1140,121,1,そのままの君が好き,,,,
1141,121,2,またたく星に願いを,,,,
1142,121,3,Come on,,,,
1143,121,4,渚 ふたりで,,,,
1144,121,5,風の坂道,,,,
1145,121,6,だからブルーにならないで,,,,
1146,121,7,今はきかない,,,,
1147,121,8,それとも二人,,,,
1148,121,9,let me hold you baby,,,,
1149,121,10,my home town,,,,
1150,122,1,君との思い出,,,,
1151,122,2,昨日 見た夢,,,,
1152,122,3,もっと近くに,,,,
1153,122,4,緑の日々,,,,
1154,122,5,Yes-No,,,,
1155,122,6,風に吹かれて,,,,
1156,122,7,愛を止めないで,,,,
1157,122,8,夏の終り,,,,
1158,122,9,やさしさにさようなら,,,,
1159,122,10,秋の気配,,,,
1160,122,11,僕の贈りもの,,,,
1161,123,1,緑の街,,,,
1162,123,2,Little Tokyo,,,,
1163,123,3,君にMerry Xmas,,,,
1164,123,4,恋は大騒ぎ,,,,
1165,123,5,Oh! Yeah!,,,,
1166,123,6,ラブ・ストーリーは突然に,,,,
1167,123,7,あなたを見つめて,,,,
1168,123,8,いつか どこかで,,,,
1169,123,9,そのままの君が好き,,,,
1170,123,10,風の坂道,,,,
1171,123,11,真夏の恋,,,,
1172,123,12,so long my love,,,,
1173,123,13,君との思い出,,,,
1174,123,14,遠い海辺,,,,
1175,123,15,伝えたいことがあるんだ,,,,
1176,124,1,忘れてた 思い出のように,,,,
1177,124,2,また、春が来る,,,,
1178,124,3,the flag,,,,
1179,124,4,woh woh,,,,
1180,124,5,青い空,,,,
1181,124,6,君たちを忘れない,,,,
1182,124,7,はるかな夢,,,,
1183,124,8,19の頃,,,,
1184,124,9,こんな日だったね,,,,
1185,124,10,風のように,,,,
1186,124,11,とくべつなこと,,,,
1187,125,1,風の街,,,,
1188,125,2,夏の別れ,,,,
1189,125,3,she's so wonderful,,,,
1190,125,4,愛の中へ,,,,
1191,125,5,言葉にできない,,,,
1192,125,6,さよなら,,,,
1193,125,7,あなたのすべて,,,,
1194,125,8,こころは気紛れ,,,,
1195,125,9,愛のうた,,,,
1196,125,10,もう歌は作れない,,,,
1197,125,11,君住む街へ,,,,
1198,126,1,キラキラ,,,,
1199,126,2,秋の気配,,,,
1200,126,3,愛を止めないで,,,,
1201,126,4,さよなら,,,,
1202,126,5,Yes-No,,,,
1203,126,6,言葉にできない,,,,
1204,126,7,緑の日々,,,,
1205,126,8,Oh! Yeah!,,,,
1206,126,9,ラブ・ストーリーは突然に,,,,
1207,126,10,my home town,,,,
1208,126,11,風の坂道,,,,
1209,126,12,伝えたいことがあるんだ,,,,
1210,126,13,緑の街,,,,
1211,126,14,風のように,,,,
1212,126,15,woh woh,,,,
1213,127,1,まっ白,,,,
1214,127,2,静かな場所,,,,
1215,127,3,大好きな君に,,,,
1216,127,4,僕らの夏,,,,
1217,127,5,Re,,,,
1218,127,6,正義は勝つ,,,,
1219,127,7,たしかなこと,,,,
1220,127,8,僕ら,,,,
1221,127,9,明日,,,,
1222,127,10,風のようにうたが流れていた,,,,
1223,127,11,そして今も,,,,
1224,128,1,こころ,,,,
1225,128,2,ひとりで生きてゆければ,,,,
1226,128,3,生まれ来る子供たちのために,,,,
1227,128,4,愛の中へ,,,,
1228,128,5,たそがれ,,,,
1229,128,6,君住む街へ,,,,
1230,128,7,恋は大騒ぎ,,,,
1231,128,8,いつか どこかで,,,,
1232,128,9,そのままの君が好き,,,,
1233,128,10,こんな日だったね,,,,
1234,128,11,the flag,,,,
1235,128,12,たしかなこと,,,,
1236,128,13,まっ白,,,,
1237,128,14,大好きな君に,,,,
1238,128,15,ダイジョウブ,,,,
1239,129,1,君のこと,,,,
1240,129,2,グッバイ,,,,
1241,129,3,若葉のひと,,,,
1242,129,4,hello hello,,,,
1243,129,5,誰れも どんなことも,,,,
1244,129,6,こたえ,,,,
1245,129,7,やさしい雨,,,,
1246,129,8,さよならは 言わない,,,,
1247,129,9,今日も どこかで,,,,
1248,129,10,東京の空,,,,
1249,130,1,そんなことより 幸せになろう,,,,
1250,130,2,この街,,,,
1251,130,3,やさしい風が吹いたら,,,,
1252,130,4,二人,,,,
1253,130,5,今のこと,,,,
1254,130,6,愛になる,,,,
1255,130,7,彼方,,,,
1256,130,8,その日が来るまで,,,,
1257,130,9,mata-ne,,,,
1258,130,10,やさしい夜,,,,
1259,131,1,僕の贈りもの,,,,
1260,131,1,哀しみを、そのまゝ,,,,
1261,131,1,たしかなこと,,,,
1262,131,2,眠れぬ夜,,,,
1263,131,2,between the word and the heart -言葉と心-,,,,
1264,131,2,大好きな君に,,,,
1265,131,3,秋の気配,,,,
1266,131,3,恋は大騒ぎ,,,,
1267,131,3,明日,,,,
1268,131,4,夏の終り,,,,
1269,131,4,ラブ・ストーリーは突然に,,,,
1270,131,4,風のようにうたが流れていた,,,,
1271,131,5,愛を止めないで,,,,
1272,131,5,Oh! Yeah!,,,,
1273,131,5,ダイジョウブ,,,,
1274,131,6,さよなら,,,,
1275,131,6,そのままの君が好き,,,,
1276,131,6,こころ,,,,
1277,131,7,生まれ来る子供たちのために,,,,
1278,131,7,いつか どこかで,,,,
1279,131,7,今日も どこかで,,,,
1280,131,8,Yes-No,,,,
1281,131,8,風と君を待つだけ,,,,
1282,131,8,さよならは 言わない,,,,
1283,131,9,時に愛は,,,,
1284,131,9,風の坂道,,,,
1285,131,9,グッバイ,,,,
1286,131,10,心 はなれて,,,,
1287,131,10,それとも二人,,,,
1288,131,10,やさしい雨,,,,
1289,131,11,言葉にできない,,,,
1290,131,11,my home town,,,,
1291,131,11,東京の空,,,,
1292,131,12,I LOVE YOU,,,,
1293,131,12,真夏の恋,,,,
1294,131,12,その日が来るまで,,,,
1295,131,13,YES-YES-YES,,,,
1296,131,13,伝えたいことがあるんだ,,,,
1297,131,13,愛になる,,,,
1298,131,14,緑の日々,,,,
1299,131,14,緑の街,,,,
1300,131,14,そんなことより 幸せになろう,,,,
1301,131,15,たそがれ,,,,
1302,131,15,woh woh,,,,
1303,131,15,やさしい夜,,,,
1304,131,16,君住む街へ,,,,
1305,131,16,the flag,,,,
1306,131,16,wonderful life,,,,
1307,131,17,キラキラ,,,,
1308,131,17,風は止んだ,,,,
1309,132,1,風を待って,,,,
1310,132,2,坂道を上って,,,,
1311,132,3,小さな風景,,,,
1312,132,4,この道を,,,,
1313,132,5,so far so good,,,,
1314,132,6,ナカマ,,,,
1315,132,7,こんど、君と,,,,
1316,132,8,この日のこと,,,,
1317,132,9,会いに行く,,,,
1318,133,1,すべて去りがたき日々,,,,
1319,133,2,哀しいくらい,,,,
1320,133,3,I LOVE YOU,,,,
1321,133,4,Little Tokyo,,,,
1322,133,5,またたく星に願いを,,,,
1323,133,6,遠い海辺,,,,
1324,133,7,とくべつなこと,,,,
1325,133,8,東京の空,,,,
1326,133,9,やさしい風が吹いたら,,,,
1327,133,10,愛になる,,,,
1328,133,11,mata-ne,,,,
1329,133,12,風を待って,,,,
1330,133,13,こんど、君と,,,,
1331,133,14,so far so good,,,,
1332,133,15,what's your message ?,,,,
1333,133,16,その先にあるもの,,,,
1334,134,1,Valentine's RADIO,,,,
1335,134,2,WANDERERS,,,,
1336,134,3,LOVE WARS,,,,
1337,134,4,心ほどいて,,,,
1338,134,5,Up townは灯ともし頃,,,,
1339,134,6,トランキライザー,,,,
1340,134,7,ホームワーク,,,,
1341,134,8,届かないセレナーデ,,,,
1342,134,9,Good-bye Goes by,,,,
1343,134,10,ANNIVERSARY,,,,
1344,135,1,落葉,,,,1973/12/21
1345,135,1,めぐり逢いはすべてを越えて,,,,1982/05/21
1346,135,2,22才の別れ,,,,1974/03/05
1347,135,2,夕映えよ心の鳩を抱け,,,,1983/08/05
1348,135,3,岬めぐり,,,,1974/06/01
1349,135,3,教室,,,,1985/07/21
1350,135,4,白い冬,,,,1974/09/21
1351,135,4,火の鳥,,,,1986/11/01
1352,135,5,我が良き友よ,,,,1975/02/05
1353,135,5,ドリーミー・ドリーマー,,,,1988/04/06
1354,135,6,「いちご白書」をもう一度,,,,1975/08/01
1355,135,6,壊れかけのRadio,,,,1990/07/07
1356,135,7,星のマリオネット,,,,1978/09/21
1357,135,7,糸,,,,1992/10/07
1358,135,8,オリビアを聴きながら,,,,1978/11/05
1359,135,8,天使の休息,,,,1992/11/21
1360,135,9,順子,,,,1979/11/05
1361,135,9,空と君のあいだに,,,,1994/05/14
1362,135,10,Mr.メトロポリス,,,,1980/04/21
1363,135,10,激情,,,,1996/11/07
1364,135,11,ボーンフリー・スプリット,,,,1980/08/21
1365,135,11,愛詞（あいことば）,,,,2013/05/22
1366,135,12,Season,,,,1980/09/05
1367,135,12,泣いてもいいんだよ,,,,2014/05/08
1368,135,13,万里の河,,,,1980/09/25
1369,135,13,アリア -Air-,,,,2016/04/27
1370,136,1,ひとつぶの涙,,,,1972/04/25
1371,136,2,グッド・タイム・ミュージック,,,,1974/05/21
1372,136,3,中央フリーウェイ,,,,1977/02/05
1373,136,4,気分を出してもう一度,,,,1977/06/21
1374,136,5,海風,,,,1977/10/25
1375,136,6,魔法使いの恋人が逃げた,,,,1978/03/10
1376,136,7,マスカレード,,,,1978/11/25
1377,136,8,終章(エピローグ)～追想の主題,,,,1980/04/25
1378,136,9,聖・少女,,,,1982/06/21
1379,136,10,NATURALLY,,,,1983/08/05
1380,136,11,6月の雨,,,,1984/05/21
1381,136,12,春でも夏でもない季節,,,,1985/04/21
1382,136,13,RONIN,,,,1985/12/05
1383,136,14,乾杯 -NEW RECORDING VERSION-,,,,1988/02/05
1384,136,15,最後の言い訳,,,,1988/10/25
1385,136,16,雪・月・花,,,,1998/02/18
1386,136,17,ヘッドライト・テールライト,,,,2000/07/19
1387,137,1,私の家,,,,1972/01/25
1388,137,2,各駅停車,,,,1974/02/21
1389,137,3,なごり雪,,,,1974/03/05
1390,137,4,虹のひと部屋,,,,1976/01/25
1391,137,5,じゃじゃ馬娘,,,,1978/09/25
1392,137,6,ひとり咲き,,,,1979/08/25
1393,137,7,花一色 ～野菊のささやき～,,,,1981/07/21
1394,137,8,ゆりこ,,,,1983/11/01
1395,137,9,なぜ？の嵐,,,,1985/11/01
1396,137,10,ジャスト・ア・RONIN,,,,1985/12/05
1397,137,11,姫様ズーム・イン,,,,1986/10/21
1398,137,12,MY Mr. LONELY HEART,,,,1987/09/21
1399,137,13,涙 -Made in tears-,,,,1988/10/21
1400,137,14,とんぼ,,,,1988/10/26
1401,137,15,Sweetest Lover,,,,1988/12/05
1402,137,16,夢を信じて,,,,1990/01/16
1403,137,17,浅い眠り,,,,1992/07/29
1404,138,1,ヘイ！,,,,1971/10/01
1405,138,2,風の街,,,,1975/06/23
1406,138,3,My Sweet Little Eyes,,,,1976年
1407,138,4,雨のステイション,,,,1977/02/05
1408,138,5,酒もってこい,,,,1980/01/21
1409,138,6,LIVING IN THE CITY,,,,1980/10/25
1410,138,7,男と女,,,,1981/10/25
1411,138,8,Fly By Day,,,,1982/11/21
1412,138,9,GOOD-BYE青春,,,,1983/09/01
1413,138,10,黄昏のBAY CITY,,,,1983/11/21
1414,138,11,たわいないトワイライト,,,,1985/03/21
1415,138,12,愛を振り向かないで,,,,1986/04/20
1416,138,13,マリンブルーの恋人達,,,,1986/09/21
1417,138,14,ハーフムーン・セレナーデ,,,,1986/10/21
1418,138,15,風のエオリア,,,,1988/02/24
1419,138,16,君を抱きしめてた,,,,1996年
1420,138,17,麦の唄,,,,2014/10/29
1421,139,1,夏に恋する女たち,,,,
1422,139,2,幻惑,,,,
1423,139,3,SIGNE〈記号〉,,,,
1424,139,4,PATIO〈中庭〉,,,,
1425,139,5,ルクレツィア(インストゥルメンタル),,,,
1426,139,6,テディ・ベア,,,,
1427,139,7,RECIPE〈調理法〉,,,,
1428,139,8,アーニャ(インストゥルメンタル),,,,
1429,139,9,SIESTA〈ひるね〉,,,,
1430,139,10,エル・トゥルマニエ〈虹の神〉(インストゥルメンタル),,,,
1431,140,1,Les aventures de TINTIN,,,,
1432,140,2,ベジタブル,,,,
1433,140,3,春の嵐,,,,
1434,140,4,Siena,,,,
1435,140,5,"Amico, sei felice?(イタリア語訳: Angela Piva)",,,,
1436,140,6,OUT OF AFRICA,,,,
1437,140,7,Leave me alone,,,,
1438,140,8,Jacques-Henri Lartigue,,,,
1439,140,9,しあわせな男達へ,,,,
1440,140,10,野辺,,,,
1441,141,1,突然の贈りもの（Acoustic Version）,,,,
1442,141,2,新しいシャツ（Acoustic Version）,,,,
1443,141,3,黒のクレール,,,,
1444,141,4,夏に恋する女たち,,,,
1445,141,5,ベジタブル,,,,
1446,141,6,ひとり暮らしの妖精たち,,,,
1447,141,7,コロは屋根のうえ,,,,
1448,141,8,恋人たちの時刻,,,,
1449,141,9,彼と彼女のソネット,,,,
1450,141,10,Tema Purissima,,,,
1451,141,11,Starry Night For You,,,,
1452,141,12,まっすぐのうた,,,,
1453,141,13,家族輪舞曲,,,,
1454,141,14,泳ぐ人,,,,
1455,141,15,WE ARE ONE CIRCLE,,,,
1456,141,16,地球ファミリーのテーマ ～The Wind Of My Heart～,,,,
1457,142,1,色褪せた街角,,,,1979/08/25
1458,142,2,雨,,,,1979/08/25
1459,142,3,風紋,,,,1979/08/25
1460,142,4,帰郷,,,,1979/08/25
1461,142,5,海鳴り,,,,1979/08/25
1462,142,6,暁に帰る,,,,1979/08/25
1463,142,7,そこに風,,,,1979/08/25
1464,142,8,仄めく,,,,1979/08/25
1465,142,9,BGMの街,,,,1979/08/25
1466,142,10,余韻,,,,1979/08/25
1467,142,11,色褪せた街角,,,,1979/06/25
1468,143,1,あぶな坂,,,,
1469,143,2,あたしのやさしい人,,,,
1470,143,3,信じられない頃に,,,,
1471,143,4,ボギーボビーの赤いバラ,,,,
1472,143,5,海よ,,,,
1473,143,6,アザミ嬢のララバイ,,,,
1474,143,7,踊り明かそう,,,,
1475,143,8,ひとり遊び,,,,
1476,143,9,悲しいことはいつもある,,,,
1477,143,10,歌をあなたに,,,,
1478,143,11,渚便り,,,,
1479,143,12,時代,,,,
1480,144,1,雨が空を捨てる日は,,,,
1481,144,2,彼女の生き方,,,,
1482,144,3,トラックに乗せて,,,,
1483,144,4,流浪の詩,,,,
1484,144,5,真直な線,,,,
1485,144,6,五才の頃,,,,
1486,144,7,冬を待つ季節,,,,
1487,144,8,夜風の中から,,,,
1488,144,9,03時,,,,
1489,144,10,うそつきが好きよ,,,,
1490,144,11,妬いてる訳じゃないけれど,,,,
1491,144,12,忘れられるものならば,,,,
1492,145,1,遍路,,,,
1493,145,2,店の名はライフ,,,,
1494,145,3,まつりばやし,,,,
1495,145,4,女なんてものに,,,,
1496,145,5,朝焼け,,,,
1497,145,6,ホームにて,,,,
1498,145,7,勝手にしやがれ,,,,
1499,145,8,サーチライト,,,,
1500,145,9,時は流れて,,,,
1501,146,1,｢元気ですか｣,,,,
1502,146,2,怜子,,,,
1503,146,3,わかれうた,,,,
1504,146,4,海鳴り,,,,
1505,146,5,化粧,,,,
1506,146,6,ミルク32,,,,
1507,146,7,あほう鳥,,,,
1508,146,8,おまえの家,,,,
1509,146,9,世情,,,,
1510,147,1,裸足で走れ,,,,
1511,147,2,タクシードライバー,,,,
1512,147,3,泥海の中から,,,,
1513,147,4,信じ難いもの,,,,
1514,147,5,根雪（ねゆき）,,,,
1515,147,6,片想,,,,
1516,147,7,ダイヤル117,,,,
1517,147,8,小石のように,,,,
1518,147,9,狼になりたい,,,,
1519,147,10,断崖 -親愛なる者へ-,,,,
1520,148,1,あばよ,,,,
1521,148,2,髪,,,,
1522,148,3,サヨナラを伝えて,,,,
1523,148,4,しあわせ芝居,,,,
1524,148,5,雨…,,,,
1525,148,6,この空を飛べたら,,,,
1526,148,7,世迷い言,,,,
1527,148,8,ルージュ,,,,
1528,148,9,追いかけてヨコハマ,,,,
1529,148,10,強がりはよせヨ,,,,
1530,149,1,うらみ・ます,,,,
1531,149,2,泣きたい夜に,,,,
1532,149,3,キツネ狩りの歌,,,,
1533,149,4,蕎麦屋,,,,
1534,149,5,船を出すのなら九月,,,,
1535,149,6,（無題・Instrumental）,,,,
1536,149,7,エレーン,,,,
1537,149,8,異国,,,,
1538,150,1,あした天気になれ,,,,
1539,150,2,あなたが海を見ているうちに,,,,
1540,150,3,あわせ鏡,,,,
1541,150,4,ひとり上手,,,,
1542,150,5,雪,,,,
1543,150,6,バス通り,,,,
1544,150,7,友情,,,,
1545,150,8,成人世代,,,,
1546,150,9,夜曲,,,,
1547,151,1,悪女,,,,
1548,151,2,傾斜,,,,
1549,151,3,鳥になって,,,,
1550,151,4,捨てるほどの愛でいいから,,,,
1551,151,5,B.G.M.,,,,
1552,151,6,家出,,,,
1553,151,7,時刻表,,,,
1554,151,8,砂の船,,,,
1555,151,9,歌姫,,,,
1556,152,1,この世に二人だけ,,,,
1557,152,2,夏土産,,,,
1558,152,3,髪を洗う女,,,,
1559,152,4,ばいばいどくおぶざべい,,,,
1560,152,5,誰のせいでもない雨が,,,,
1561,152,6,縁,,,,
1562,152,7,テキーラを飲みほして,,,,
1563,152,8,金魚,,,,
1564,152,9,ファイト!,,,,
1565,153,1,僕は青い鳥,,,,
1566,153,2,幸福論,,,,
1567,153,3,ひとり,,,,
1568,153,4,生まれた時から,,,,
1569,153,5,彼女によろしく,,,,
1570,153,6,不良,,,,
1571,153,7,シニカル・ムーン,,,,
1572,153,8,春までなんぼ,,,,
1573,153,9,僕たちの将来,,,,
1574,153,10,はじめまして,,,,
1575,154,1,ひとりぽっちで踊らせて,,,,
1576,154,2,すずめ,,,,
1577,154,3,最愛,,,,
1578,154,4,さよならの鐘,,,,
1579,154,5,海と宝石,,,,
1580,154,6,カム・フラージュ,,,,
1581,154,7,煙草,,,,
1582,154,8,美貌の都,,,,
1583,154,9,かもめはかもめ,,,,
1584,155,1,極楽通りへいらっしゃい,,,,
1585,155,2,あしたバーボンハウスで,,,,
1586,155,3,熱病,,,,
1587,155,4,それ以上言わないで,,,,
1588,155,5,孤独の肖像,,,,
1589,155,6,月の赤ん坊,,,,
1590,155,7,忘れてはいけない,,,,
1591,155,8,ショウ・タイム,,,,
1592,155,9,ノスタルジア,,,,
1593,155,10,肩に降る雨,,,,
1594,156,1,あたいの夏休み,,,,
1595,156,2,最悪,,,,
1596,156,3,F.O.,,,,
1597,156,4,毒をんな,,,,
1598,156,5,シーサイド・コーポラス,,,,
1599,156,6,やまねこ,,,,
1600,156,7,HALF,,,,
1601,156,8,見返り美人,,,,
1602,156,9,白鳥の歌が聴こえる,,,,
1603,157,1,片想'86,,,,
1604,157,2,狼になりたい,,,,
1605,157,3,悪女,,,,
1606,157,4,HALF,,,,
1607,157,5,鳥になって,,,,
1608,157,6,クリスマスソングを唄うように,,,,
1609,157,7,阿呆鳥,,,,
1610,157,8,最悪,,,,
1611,157,9,F.O.,,,,
1612,157,10,この世に二人だけ,,,,
1613,157,11,縁,,,,
1614,157,12,見返り美人,,,,
1615,157,13,やまねこ,,,,
1616,157,14,波の上,,,,
1617,158,1,やまねこ,,,,1986/11/21
1618,158,2,シーサイド・コーポラス,,,,1986/11/21
1619,158,3,見返り美人,,,,1986/09/21
1620,158,4,どこにいても,,,,1986/09/21
1621,158,5,あたいの夏休み,,,,1986/06/05
1622,158,6,噂,,,,1986/06/05
1623,158,7,つめたい別れ,,,,1985/12/21
1624,158,8,ショウ・タイム,,,,1985/12/21
1625,158,9,孤独の肖像,,,,1985/09/18
1626,158,10,100人目の恋人,,,,1985/09/18
1627,158,11,ひとり,,,,1984/03/21
1628,158,12,海と宝石,,,,1984/03/21
1629,158,13,あの娘,,,,1983/10/21
1630,158,14,波の上,,,,1983/10/21
1631,158,15,横恋慕,,,,1982/09/21
1632,158,16,忘れな草をもう一度,,,,1982/09/21
1633,158,17,誘惑,,,,1982/04/05
1634,158,18,やさしい女,,,,1982/04/05
1635,158,19,悪女,,,,1981/10/21
1636,158,20,笑わせるじゃないか,,,,1981/10/21
1637,158,21,あした天気になれ,,,,1981/03/21
1638,158,22,杏村から,,,,1981/03/21
1639,158,23,ひとり上手,,,,1980/10/21
1640,158,24,悲しみに,,,,1980/10/21
1641,158,25,かなしみ笑い,,,,1980/02/05
1642,158,26,霧に走る,,,,1980/02/05
1643,158,27,りばいばる,,,,1979/09/21
1644,158,28,ピエロ,,,,1979/09/21
1645,158,29,おもいで河,,,,1978/08/21
1646,158,30,ほうせんか,,,,1978/08/21
1647,158,31,わかれうた,,,,1977/09/10
1648,158,32,ホームにて,,,,1977/09/10
1649,158,33,夜風の中から,,,,1976/07/25
1650,158,34,忘れられるものならば,,,,1976/07/25
1651,158,35,こんばんは,,,,1976/03/25
1652,158,36,強い風はいつも,,,,1976/03/25
1653,158,37,時代,,,,1975/12/21
1654,158,38,傷ついた翼,,,,1975/12/21
1655,158,39,アザミ嬢のララバイ,,,,1975/09/25
1656,158,40,さよならさよなら,,,,1975/09/25
1657,159,1,湾岸24時,,,,
1658,159,2,御機嫌如何,,,,
1659,159,3,土用波,,,,
1660,159,4,泥は降りしきる,,,,
1661,159,5,ミュージシャン,,,,
1662,159,6,黄色い犬,,,,
1663,159,7,仮面,,,,
1664,159,8,クレンジング クリーム,,,,
1665,159,9,ローリング,,,,
1666,160,1,野ウサギのように,,,,
1667,160,2,ふらふら,,,,
1668,160,3,MEGAMI,,,,
1669,160,4,気にしないで,,,,
1670,160,5,十二月,,,,
1671,160,6,たとえ世界が空から落ちても,,,,
1672,160,7,愛よりも,,,,
1673,160,8,涙 -Made in tears-,,,,
1674,160,9,吹雪,,,,
1675,161,1,黄砂に吹かれて,,,,
1676,161,2,肩幅の未来,,,,
1677,161,3,あり、か,,,,
1678,161,4,群衆,,,,
1679,161,5,ロンリー カナリア,,,,
1680,161,6,くらやみ乙女,,,,
1681,161,7,儀式(セレモニー),,,,
1682,161,8,未完成,,,,
1683,161,9,春なのに,,,,
1684,162,1,夜を往け,,,,
1685,162,2,ふたつの炎,,,,
1686,162,3,3分後に捨ててもいい,,,,
1687,162,4,あした,,,,
1688,162,5,新曾根崎心中,,,,
1689,162,6,君の昔を,,,,
1690,162,7,遠雷,,,,
1691,162,8,ふたりは,,,,
1692,162,9,北の国の習い,,,,
1693,162,10,with,,,,
1694,163,1,C.Q.,,,,
1695,163,2,おだやかな時代,,,,
1696,163,3,トーキョー迷子,,,,
1697,163,4,Maybe,,,,
1698,163,5,渚へ,,,,
1699,163,6,永久欠番,,,,
1700,163,7,笑ってよエンジェル,,,,
1701,163,8,た・わ・わ,,,,
1702,163,9,サッポロSNOWY,,,,
1703,163,10,南三条,,,,
1704,163,11,炎と水,,,,
1705,164,1,誕生,,,,
1706,164,2,Maybe,,,,
1707,165,1,時代,,,,
1708,165,2,トーキョー迷子,,,,
1709,165,3,涙 -Made in tears-,,,,
1710,165,4,春なのに,,,,
1711,165,5,黄砂に吹かれて,,,,
1712,165,6,まつりばやし,,,,
1713,165,7,シュガー,,,,
1714,165,8,やまねこ,,,,
1715,165,9,with,,,,
1716,165,10,Maybe,,,,
1717,165,11,あした,,,,
1718,165,12,歌姫,,,,
1719,165,13,世情,,,,
1720,166,1,浅い眠り,,,,
1721,166,2,親愛なる者へ,,,,
1722,167,1,EAST ASIA,,,,
1723,167,2,やばい恋,,,,
1724,167,3,浅い眠り,,,,
1725,167,4,萩野原,,,,
1726,167,5,誕生,,,,
1727,167,6,此処じゃない何処かへ,,,,
1728,167,7,妹じゃあるまいし,,,,
1729,167,8,二隻の舟,,,,
1730,167,9,糸,,,,
1731,168,1,ジェラシー・ジェラシー,,,,
1732,168,2,兆しのシーズン,,,,
1733,169,1,時代,,,,
1734,169,2,風の姿,,,,
1735,169,3,ローリング,,,,
1736,169,4,あどけない話,,,,
1737,169,5,夢見る勇気,,,,
1738,169,6,あたし時々おもうの,,,,
1739,169,7,流浪の詩,,,,
1740,169,8,雨月の使者,,,,
1741,169,9,慟哭,,,,
1742,169,10,孤独の肖像1st,,,,
1743,169,11,かもめの歌,,,,
1744,170,1,時代,,,,
1745,170,2,最後の女神,,,,
1746,171,1,時代,,,,1993/12/01
1747,171,2,最後の女神,,,,1993/12/01
1748,171,3,ジェラシー・ジェラシー,,,,1993/04/21
1749,171,4,兆しのシーズン,,,,1993/04/21
1750,171,5,浅い眠り,,,,1992/07/29
1751,171,6,親愛なる者へ,,,,1992/07/29
1752,171,7,誕生,,,,1992/03/04
1753,171,8,Maybe,,,,1992/03/04
1754,171,9,トーキョー迷子,,,,1991/06/05
1755,171,10,見返り美人 (NEW VERSION),,,,1991/06/05
1756,171,11,with,,,,1990/08/21
1757,171,12,笑ってよエンジェル,,,,1990/08/21
1758,171,13,あした,,,,1989/03/15
1759,171,14,グッバイガール,,,,1989/03/15
1760,171,15,涙 -Made in tears-,,,,1988/10/21
1761,171,16,空港日誌,,,,1988/10/21
1762,171,17,仮面,,,,1988/02/26
1763,171,18,熱病 (New Version),,,,1988/02/26
1764,171,19,御機嫌如何,,,,1987/10/05
1765,171,20,シュガー,,,,1987/10/05
1766,172,1,空と君のあいだに,,,,
1767,172,2,ファイト!,,,,
1768,173,1,空と君のあいだに,,,,
1769,173,2,もう桟橋に灯りは点らない,,,,
1770,173,3,バラ色の未来,,,,
1771,173,4,ひまわり“SUNWARD”,,,,
1772,173,5,アンテナの街,,,,
1773,173,6,てんびん秤,,,,
1774,173,7,流星,,,,
1775,173,8,夢だったんだね,,,,
1776,173,9,風にならないか,,,,
1777,173,10,YOU NEVER NEED ME,,,,
1778,173,11,眠らないで,,,,
1779,174,1,旅人のうた,,,,
1780,174,2,SE・TSU・NA・KU・TE,,,,
1781,175,1,二隻の舟,,,,
1782,175,2,思い出させてあげる,,,,
1783,175,3,泣かないでアマテラス,,,,
1784,175,4,Maybe,,,,
1785,175,5,ふたりは,,,,
1786,175,6,DIAMOND CAGE,,,,
1787,175,7,I Love Him,,,,
1788,175,8,子守歌,,,,
1789,175,9,生きてゆくおまえ,,,,
1790,175,10,人待ち歌,,,,
1791,176,1,空と君のあいだに,,,,
1792,176,2,悪女,,,,
1793,176,3,あした,,,,
1794,176,4,最後の女神,,,,
1795,176,5,浅い眠り,,,,
1796,176,6,ルージュ,,,,
1797,176,7,誕生,,,,
1798,176,8,時代 ('93 single version),,,,
1799,176,9,わかれうた,,,,
1800,176,10,ひとり上手,,,,
1801,176,11,慟哭,,,,
1802,176,12,狼になりたい,,,,
1803,176,13,旅人のうた,,,,
1804,176,14,ファイト!,,,,
1805,177,1,旅人のうた〈2nd Version〉,,,,
1806,177,2,伝説,,,,
1807,177,3,永遠の嘘をついてくれ,,,,
1808,177,4,"ALONE, PLEASE",,,,
1809,177,5,それは愛ではない,,,,
1810,177,6,なつかない猫,,,,
1811,177,7,SINGLES BAR,,,,
1812,177,8,蒼い時代,,,,
1813,177,9,たかが愛,,,,
1814,177,10,阿檀の木の下で,,,,
1815,177,11,パラダイス・カフェ,,,,
1816,178,1,たかが愛,,,,
1817,178,2,目を開けて最初に君を見たい,,,,
1818,179,1,愛情物語,,,,
1819,179,2,幸せ,,,,
1820,180,1,命の別名,,,,
1821,180,2,糸,,,,
1822,181,1,わたしの子供になりなさい,,,,
1823,181,2,下町の上、山の手の下,,,,
1824,181,3,命の別名,,,,
1825,181,4,清流,,,,
1826,181,5,私たちは春の中で,,,,
1827,181,6,愛情物語,,,,
1828,181,7,You don't know,,,,
1829,181,8,木曜の夜,,,,
1830,181,9,紅灯の海,,,,
1831,181,10,4.2.3.,,,,
1832,182,1,瞬きもせず,,,,
1833,182,2,私たちは春の中で,,,,
1834,183,1,糸,,,,
1835,183,2,命の別名,,,,
1836,183,3,たかが愛,,,,
1837,183,4,愛情物語,,,,
1838,183,5,世情,,,,
1839,183,6,with,,,,
1840,183,7,私たちは春の中で,,,,
1841,183,8,眠らないで,,,,
1842,183,9,二隻の舟,,,,
1843,183,10,瞬きもせず（MOVIE THEME VERSION）,,,,
1844,184,1,1人で生まれて来たのだから,,,,
1845,184,2,紅い河,,,,
1846,184,3,LAST SCENE,,,,
1847,184,4,女という商売,,,,
1848,184,5,"SMILE,SMILE",,,,
1849,184,6,PAIN,,,,
1850,184,7,白菊,,,,
1851,184,8,時効,,,,
1852,184,9,愛から遠く離れて,,,,
1853,185,1,竹の歌,,,,
1854,185,2,NEVER CRY OVER SPILT MILK,,,,
1855,185,3,いつか夢の中へ,,,,
1856,185,4,羊の言葉,,,,
1857,185,5,異国の女,,,,
1858,185,6,あなたの言葉がわからない,,,,
1859,185,7,難破船,,,,
1860,185,8,知人･友人･愛人･家人,,,,
1861,185,9,"Good Morning, Ms. Castaway",,,,
1862,185,10,明日なき我等,,,,
1863,186,1,地上の星,,,,
1864,186,2,ヘッドライト・テールライト,,,,
1865,187,1,地上の星,,,,
1866,187,2,帰省,,,,
1867,187,3,夢の通り道を僕は歩いている,,,,
1868,187,4,後悔,,,,
1869,187,5,MERRY-GO-ROUND,,,,
1870,187,6,天使の階段,,,,
1871,187,7,過ぎゆく夏,,,,
1872,187,8,結婚,,,,
1873,187,9,粉雪は忘れ薬,,,,
1874,187,10,"Tell Me, Sister",,,,
1875,187,11,ヘッドライト・テールライト,,,,
1876,188,1,囁く雨,,,,
1877,188,2,相席,,,,
1878,188,3,樹高千丈 落葉帰根,,,,
1879,188,4,あのバスに,,,,
1880,188,5,心守歌,,,,
1881,188,6,六花,,,,
1882,188,7,カーニヴァルだったね,,,,
1883,188,8,ツンドラ・バード,,,,
1884,188,9,夜行,,,,
1885,188,10,月迎え,,,,
1886,188,11,LOVERS ONLY,,,,
1887,189,1,地上の星,,,,
1888,189,2,ヘッドライト・テールライト,,,,
1889,189,3,瞬きもせず,,,,
1890,189,4,私たちは春の中で,,,,
1891,189,5,命の別名,,,,
1892,189,6,糸,,,,
1893,189,7,愛情物語,,,,
1894,189,8,幸せ,,,,
1895,189,9,たかが愛,,,,
1896,189,10,目を開けて最初に君を見たい,,,,
1897,189,11,旅人のうた,,,,
1898,189,12,SE・TSU・NA・KU・TE,,,,
1899,189,13,空と君のあいだに,,,,
1900,189,14,ファイト!,,,,
1901,190,1,陽紡ぎ唄,,,,
1902,190,2,シャングリラ,,,,
1903,190,3,おとぎばなし,,,,
1904,190,4,雪・月・花,,,,
1905,190,5,匂いガラス〜安寿子の靴,,,,
1906,190,6,あの人に似ている,,,,
1907,190,7,みにくいあひるの子,,,,
1908,190,8,愛される花 愛されぬ花,,,,
1909,190,9,裸爪(はだし)のライオン,,,,
1910,190,10,紫の桜,,,,
1911,190,11,海よ,,,,
1912,191,1,銀の龍の背に乗って,,,,
1913,191,2,恋文,,,,
1914,192,1,銀の龍の背に乗って,,,,
1915,192,2,恋とはかぎらない,,,,
1916,192,3,川風,,,,
1917,192,4,寄り添う風,,,,
1918,192,5,情婦の証言,,,,
1919,192,6,ナイトキャップ・スペシャル,,,,
1920,192,7,月夜同舟,,,,
1921,192,8,恋文,,,,
1922,192,9,思い出だけではつらすぎる,,,,
1923,193,1,あぶな坂,,,,
1924,193,2,わかれうた,,,,
1925,193,3,怜子,,,,
1926,193,4,信じ難いもの,,,,
1927,193,5,この空を飛べたら,,,,
1928,193,6,あわせ鏡,,,,
1929,193,7,歌姫,,,,
1930,193,8,傾斜,,,,
1931,193,9,横恋慕,,,,
1932,193,10,この世に二人だけ,,,,
1933,193,11,はじめまして,,,,
1934,193,12,どこにいても,,,,
1935,193,13,土用波,,,,
1936,194,1,この空を飛べたら,,,,
1937,194,2,地上の星,,,,
1938,194,3,土用波,,,,
1939,194,4,銀の龍の背に乗って,,,,
1940,194,5,この世に二人だけ,,,,
1941,194,6,夜行,,,,
1942,194,7,歌姫,,,,
1943,195,1,遺失物預り所,,,,
1944,195,2,帰れない者たちへ,,,,
1945,195,3,線路の外の風景,,,,
1946,195,4,メビウスの帯はねじれる,,,,
1947,195,5,フォーチュン・クッキー,,,,
1948,195,6,闇夜のテーブル,,,,
1949,195,7,我が祖国は風の彼方,,,,
1950,195,8,命のリレー,,,,
1951,195,9,ミラージュ・ホテル,,,,
1952,195,10,サーモン・ダンス,,,,
1953,195,11,無限・軌道,,,,
1954,196,1,帰れない者たちへ,,,,
1955,196,2,命のリレー ('04 夜会ヴァージョン),,,,
1956,197,1,糸,,,,
1957,197,2,狼になりたい,,,,
1958,197,3,時代,,,,
1959,197,4,化粧,,,,
1960,197,5,空と君のあいだに,,,,
1961,197,6,｢元気ですか｣,,,,
1962,197,7,アザミ嬢のララバイ,,,,
1963,197,8,世情,,,,
1964,197,9,ファイト!,,,,
1965,197,10,後悔,,,,
1966,197,11,ヘッドライト・テールライト,,,,
1967,197,12,恋文,,,,
1968,198,1,桜らららら,,,,
1969,198,2,ただ・愛のためにだけ,,,,
1970,198,3,宙船 (そらふね),,,,
1971,198,4,あのさよならにさよならを,,,,
1972,198,5,Clāvis -鍵-,,,,
1973,198,6,水,,,,
1974,198,7,あなたでなければ,,,,
1975,198,8,五月の陽ざし,,,,
1976,198,9,とろ,,,,
1977,198,10,お月さまほしい,,,,
1978,198,11,重き荷を負いて,,,,
1979,198,12,ララバイSINGER,,,,
1980,199,1,一期一会,,,,
1981,199,2,昔から雨が降ってくる,,,,
1982,200,1,本日、未熟者,,,,
1983,200,2,顔のない街の中で,,,,
1984,200,3,惜しみなく愛の言葉を,,,,
1985,200,4,一期一会,,,,
1986,200,5,サバイバル・ロード,,,,
1987,200,6,Nobody Is Right,,,,
1988,200,7,アイス・フィッシュ,,,,
1989,200,8,ボディ・トーク,,,,
1990,200,9,背広の下のロックンロール,,,,
1991,200,10,昔から雨が降ってくる,,,,
1992,200,11,"I Love You, 答えてくれ",,,,
1993,201,1,御機嫌如何,,,,
1994,201,2,ホームにて,,,,
1995,201,3,あなたでなければ,,,,
1996,201,4,蕎麦屋,,,,
1997,201,5,EAST ASIA,,,,
1998,201,6,ボディ・トーク,,,,
1999,201,7,昔から雨が降ってくる,,,,
2000,201,8,ファイト!,,,,
2001,201,9,誕生,,,,
2002,201,10,本日、未熟者,,,,
2003,201,11,背広の下のロックンロール,,,,
2004,202,1,愛だけを残せ,,,,
2005,202,2,闘りゃんせ,,,,
2006,203,1,翼をあげて,,,,
2007,203,2,こどもの宝,,,,
2008,203,3,夜の色,,,,
2009,203,4,掌,,,,
2010,203,5,愛が私に命ずること,,,,
2011,203,6,NOW,,,,
2012,203,7,十二天,,,,
2013,203,8,らいしょらいしょ,,,,
2014,203,9,暦売りの歌,,,,
2015,203,10,百九番目の除夜の鐘,,,,
2016,203,11,幽霊交差点,,,,
2017,203,12,海に絵を描く,,,,
2018,203,13,天鏡,,,,
2019,204,1,今日以来,,,,
2020,204,2,真夜中の動物園,,,,
2021,204,3,まるで高速電車のようにあたしたちは擦れ違う,,,,
2022,204,4,ハリネズミだって恋をする,,,,
2023,204,5,小さき負傷者たちの為に,,,,
2024,204,6,夢だもの,,,,
2025,204,7,サメの歌,,,,
2026,204,8,ごまめの歯ぎしり,,,,
2027,204,9,鷹の歌,,,,
2028,204,10,負けんもんね,,,,
2029,204,11,雪傘,,,,
2030,204,12,愛だけを残せ,,,,
2031,205,1,荒野より,,,,
2032,205,2,バクです,,,,
2033,205,3,BA-NA-NA,,,,
2034,205,4,あばうとに行きます,,,,
2035,205,5,鶺鴒（せきれい）,,,,
2036,205,6,彼と私と、もう1人,,,,
2037,205,7,ばりほれとんぜ,,,,
2038,205,8,ギヴ・アンド・テイク,,,,
2039,205,9,旅人よ我に帰れ,,,,
2040,205,10,帰郷群,,,,
2041,205,11,走（そう）,,,,
2042,206,1,恩知らず,,,,
2043,206,2,時代 -ライヴ 2010〜11-,,,,
2044,207,1,常夜灯,,,,
2045,207,2,ピアニシモ,,,,
2046,207,3,恩知らず,,,,
2047,207,4,リラの花咲く頃,,,,
2048,207,5,倒木の敗者復活戦,,,,
2049,207,6,あなた恋していないでしょ,,,,
2050,207,7,ベッドルーム,,,,
2051,207,8,スクランブル交差点の渡り方,,,,
2052,207,9,オリエンタル・ヴォイス,,,,
2053,207,10,ランナーズ・ハイ,,,,
2054,207,11,風の笛,,,,
2055,207,12,月はそこにいる,,,,
2056,208,1,恩知らず,,,,
2057,208,2,時代 -ライヴ 2010〜11-,,,,
2058,208,3,荒野より (remix),,,,
2059,208,4,バクです,,,,
2060,208,5,愛だけを残せ (remix),,,,
2061,208,6,闘りゃんせ,,,,
2062,208,7,一期一会,,,,
2063,208,8,昔から雨が降ってくる,,,,
2064,208,9,帰れない者たちへ,,,,
2065,208,10,命のリレー <'04 夜会ヴァージョン>,,,,
2066,208,11,銀の龍の背に乗って,,,,
2067,208,12,恋文,,,,
2068,209,1,空と君のあいだに,,,,
2069,209,2,最後の女神,,,,
2070,209,3,化粧,,,,
2071,209,4,3分後に捨ててもいい (Inst.),,,,
2072,209,5,真直な線,,,,
2073,209,6,NIGHT WING,,,,
2074,209,7,泣きたい夜に,,,,
2075,209,8,倒木の敗者復活戦,,,,
2076,209,9,月はそこにいる,,,,
2077,209,10,パラダイス・カフェ,,,,
2078,209,11,ヘッドライト・テールライト,,,,
2079,210,1,麦の唄,,,,
2080,210,2,泣いてもいいんだよ,,,,
2081,211,1,愛詞(あいことば),,,,
2082,211,2,麦の唄,,,,
2083,211,3,ジョークにしないか,,,,
2084,211,4,病院童,,,,
2085,211,5,産声,,,,
2086,211,6,問題集,,,,
2087,211,7,身体の中を流れる涙,,,,
2088,211,8,ペルシャ,,,,
2089,211,9,一夜草,,,,
2090,211,10,India Goose,,,,
2091,212,1,36時間,,,,
2092,212,2,愛と云わないラヴレター,,,,
2093,212,3,ライカM4,,,,
2094,212,4,氷中花,,,,
2095,212,5,霙の音,,,,
2096,212,6,空がある限り,,,,
2097,212,7,もう一度雨が,,,,
2098,212,8,Why & No,,,,
2099,212,9,休石,,,,
2100,212,10,LADY JANE,,,,
2101,213,1,銀の龍の背に乗って,,,,
2102,213,2,地上の星,,,,
2103,213,3,泣いてもいいんだよ,,,,
2104,213,4,常夜灯,,,,
2105,213,5,Nobody Is Right,,,,
2106,213,6,宙船 (そらふね),,,,
2107,213,7,倒木の敗者復活戦,,,,
2108,213,8,Why & No,,,,
2109,213,9,India Goose,,,,
2110,213,10,産声,,,,
2111,213,11,麦の唄,,,,
2112,213,12,ヘッドライト・テールライト,,,,
2113,214,1,慕情,,,,
2114,214,2,人生の素人(しろうと),,,,
2115,215,1,秘密の花園,,,,
2116,215,2,小春日和,,,,
2117,215,3,マンハッタン ナイト ライン,,,,
2118,215,4,人生の素人(しろうと),,,,
2119,215,5,移動性低気圧,,,,
2120,215,6,月の夜に,,,,
2121,215,7,ねこちぐら,,,,
2122,215,8,アリア -Air-,,,,
2123,215,9,希い,,,,
2124,215,10,慕情,,,,
2125,216,1,もう桟橋に灯りは点らない,,,,
2126,216,2,ピアニシモ,,,,
2127,216,3,糸,,,,
2128,216,4,時代,,,,
2129,216,5,愛だけを残せ,,,,
2130,216,6,ララバイSINGER〜アザミ嬢のララバイ,,,,
2131,216,7,あした,,,,
2132,216,8,唇をかみしめて,,,,
2133,216,9,世情,,,,
2134,216,10,風の笛,,,,
2135,216,11,夜行,,,,
2136,216,12,ジョークにしないか,,,,
2137,217,1,離郷の歌,,,,
2138,217,2,進化樹,,,,
2139,218,1,終り初物,,,,
2140,218,2,おはよう,,,,
2141,218,3,ルチル (Rutile Quartz),,,,
2142,218,4,歌うことが許されなければ,,,,
2143,218,5,齢寿天任,,,,
2144,218,6,観音橋,,,,
2145,218,7,自画像,,,,
2146,218,8,離郷の歌,,,,
2147,218,9,進化樹,,,,
2148,219,1,空と君のあいだに,,,,
2149,219,1,アザミ嬢のララバイ,,,,
2150,219,2,旅人のうた,,,,
2151,219,2,泣きたい夜に,,,,
2152,219,3,宙船 (そらふね),,,,
2153,219,3,愛だけを残せ (remix),,,,
2154,219,4,糸,,,,
2155,219,4,悪女,,,,
2156,219,5,ファイト!,,,,
2157,219,5,あした,,,,
2158,219,6,ひまわり“SUNWARD”,,,,
2159,219,6,タクシードライバー,,,,
2160,219,7,瞬きもせず,,,,
2161,219,7,with,,,,
2162,219,8,泣いてもいいんだよ,,,,
2163,219,8,最後の女神,,,,
2164,219,9,負けんもんね,,,,
2165,219,9,慕情,,,,
2166,219,10,時代,,,,
2167,219,10,帰省,,,,
2168,219,11,ホームにて,,,,
2169,219,11,たかが愛,,,,
2170,219,12,空がある限り,,,,
2171,219,12,風の笛,,,,
2172,219,13,地上の星,,,,
2173,219,13,誕生,,,,
2174,220,1,一期一会,,,,
2175,220,1,離郷の歌,,,,
2176,220,2,アザミ嬢のララバイ,,,,
2177,220,2,この世に二人だけ,,,,
2178,220,3,悪女,,,,
2179,220,3,ナイトキャンプ・スペシャル,,,,
2180,220,4,浅い眠り,,,,
2181,220,4,宙船(そらふね),,,,
2182,220,5,糸,,,,
2183,220,5,あたいの夏休み,,,,
2184,220,6,ローリング,,,,
2185,220,6,麦の唄,,,,
2186,220,7,最後の女神,,,,
2187,220,7,永遠の嘘をついてくれ,,,,
2188,220,8,流星,,,,
2189,220,8,慕情,,,,
2190,220,9,齢寿天任せ,,,,
2191,220,9,誕生,,,,
2192,220,10,人生の素人,,,,
2193,220,11,土用波,,,,
2194,220,12,はじめまして,,,,
2195,221,1,俱に,,,,
2196,221,2,銀の龍の背に乗って,,,,
2197,222,1,俱に,,,,
2198,222,2,島より,,,,
2199,222,3,十年,,,,
2200,222,4,乱世,,,,
2201,222,5,体温,,,,
2202,222,6,童話,,,,
2203,222,7,噤,,,,
2204,222,8,心月,,,,
2205,222,9,天女の話,,,,
2206,222,10,夢の京,,,,
2207,223,1,心音,,,,
2208,223,2,有謬の者共,,,,
2209,224,1,21世紀のシンデレラ,,,,
2210,224,2,My Song for You,,,,
2211,224,3,ハートの色は海の色,,,,
2212,224,4,舞夢,,,,
2213,224,5,愛に恋 Love Is Gonna Get You,,,,
2214,224,6,春の予感～I've been mellow～,,,,
2215,224,7,Heart & Hard ～時には強く時には優しく～,,,,
2216,224,8,Wuper Dancing,,,,
2217,224,9,天使のウインク,,,,
2218,224,10,そばかすうさぎ,,,,
2219,224,11,"そっと""I love you""",,,,
2220,224,12,Rainbow Tree,,,,
2221,225,1,22才の別れ,,,,
2222,225,2,約束しようよ,,,,
2223,226,1,ダンシング・ドール,,,,
2224,226,2,海岸通,,,,
2225,226,3,なんとなく,,,,
2226,226,4,星空,,,,
2227,226,5,でいどりーむ,,,,
2228,226,6,ロンリネス,,,,
2229,226,7,あいつ,,,,
2230,226,8,桜の道,,,,
2231,226,9,東京1975,,,,
2232,226,10,はずれくじ,,,,
2233,226,11,男は明日はくためだけの靴を磨く,,,,
2234,226,12,お前だけが,,,,
2235,227,1,あの唄はもう唄わないのですか,,,,
2236,227,2,二人のための夜,,,,
2237,228,1,北国列車,,,,
2238,228,2,時の流れ,,,,
2239,228,3,古都,,,,
2240,228,4,何かいいことありそうな明日,,,,
2241,228,5,忘れゆく歴史,,,,
2242,228,6,三丁目の夕焼け,,,,
2243,228,7,あの唄はもう唄わないのですか,,,,
2244,228,8,ふるさとの街は今も,,,,
2245,228,9,まぶしすぎる街,,,,
2246,228,10,あなたへ,,,,
2247,228,11,暦の上では,,,,
2248,228,12,終わりのない唄,,,,
2249,229,1,ささやかなこの人生,,,,
2250,229,2,時には,,,,
2251,230,1,ほおづえをつく女,,,,
2252,230,2,夜の国道,,,,
2253,230,3,3号線を左に折れ,,,,
2254,230,4,旅の午後,,,,
2255,230,5,通り雨,,,,
2256,230,6,アフタヌーン通り25,,,,
2257,230,7,小さな手,,,,
2258,230,8,地平線の見える街,,,,
2259,230,9,君と歩いた青春,,,,
2260,230,10,ふっと気がつきゃ,,,,
2261,230,11,少しだけの荷物,,,,
2262,231,1,ほおづえをつく女,,,,
2263,231,2,夜の国道,,,,
2264,232,1,夜汽車は南へ,,,,
2265,232,2,風をたずさえて,,,,
2266,233,1,海風,,,,
2267,233,2,冬京,,,,
2268,233,3,デッキに佇む女,,,,
2269,233,4,酔いしれた男がひとり,,,,
2270,233,5,おそかれはやかれ,,,,
2271,233,6,歴史と季節の国,,,,
2272,233,7,トパーズ色の街,,,,
2273,233,8,そんな暮らしの中で,,,,
2274,233,9,あの娘の素顔,,,,
2275,233,10,あいつが生まれた朝,,,,
2276,233,11,防波堤,,,,
2277,234,1,月が射す夜,,,,
2278,234,2,あとがき,,,,
2279,234,3,すれちがった肩ごしに,,,,
2280,234,4,曙,,,,
2281,234,5,漂う,,,,
2282,234,6,男物のシャツ,,,,
2283,234,7,流れる,,,,
2284,234,8,Bye Bye,,,,
2285,234,9,やさしさに気づかないまま,,,,
2286,234,10,夕凪,,,,
2287,235,1,Bye Bye,,,,
2288,235,2,Good Feeling,,,,
2289,236,1,雨の物語,,,,
2290,236,2,月が射す夜,,,,
2291,236,3,忘れゆく歴史,,,,
2292,236,4,冬京,,,,
2293,236,5,海風,,,,
2294,236,6,海岸通,,,,
2295,236,7,暦の上では,,,,
2296,236,8,北国列車,,,,
2297,236,9,ささやかなこの人生,,,,
2298,236,10,お前だけが,,,,
2299,236,11,おそかれはやかれ,,,,
2300,236,12,ロンリネス,,,,
2301,236,13,古都,,,,
2302,236,14,あとがき,,,,
2303,236,15,トパーズ色の街,,,,
2304,236,16,漂う,,,,
2305,236,17,男物のシャツ,,,,
2306,236,18,あなたへ,,,,
2307,236,19,夜の国道,,,,
2308,236,20,デッキに佇む女,,,,
2309,237,1,海風,,,,
2310,237,2,3号線を左に折れ,,,,
2311,237,3,通り雨,,,,
2312,237,4,君と歩いた青春,,,,
2313,237,5,旅の午後,,,,
2314,237,6,北国列車,,,,
2315,237,7,星空,,,,
2316,237,8,地平線の見える街,,,,
2317,237,9,デッキに佇む女,,,,
2318,237,10,海岸通,,,,
2319,237,11,漂う,,,,
2320,237,12,でいどりーむ,,,,
2321,237,13,三丁目の夕焼け,,,,
2322,237,14,ささやかなこの人生,,,,
2323,237,15,あいつ,,,,
2324,237,16,古都,,,,
2325,237,17,月が射す夜,,,,
2326,237,18,夕凪,,,,
2327,237,19,小さな手,,,,
2328,237,20,冬京,,,,
2329,237,21,ほおづえをつく女,,,,
2330,237,22,22才の別れ,,,,
2331,237,23,夜の国道,,,,
2332,237,24,暦の上では,,,,
2333,237,25,トパーズ色の街,,,,
2334,237,26,アフタヌーン通り25,,,,
2335,237,27,忘れゆく歴史,,,,
2336,237,28,あの唄はもう唄わないのですか,,,,
2337,237,29,男物のシャツ,,,,
2338,237,30,少しだけの荷物,,,,
2339,237,31,夜汽車は南へ,,,,
2340,237,32,曙,,,,
2341,237,33,Bye Bye,,,,
2342,237,34,ロンリネス,,,,
2343,237,35,男は明日はくためだけの靴を磨く,,,,
2344,237,36,あとがき,,,,
2345,237,37,そんな暮らしの中で,,,,
2346,238,1,22才の別れ,,,,1975/02/05
2347,238,2,約束しようよ,,,,1975/02/05
2348,238,3,あの唄はもう唄わないのですか,,,,1975/12/10
2349,238,4,二人のための夜,,,,1975/12/10
2350,238,5,ささやかなこの人生,,,,1976/06/25
2351,238,6,時には,,,,1976/06/25
2352,238,7,ほおづえをつく女,,,,1976/12/05
2353,238,8,旅の午後,,,,1976/12/05
2354,238,9,夜汽車は南へ,,,,1977/05/10
2355,238,10,風をたずさえて,,,,1977/05/10
2356,238,11,Bye Bye,,,,1978/10/05
2357,238,12,Good Feeling,,,,1978/10/05
2358,239,1,気球にのって,,,,
2359,239,2,電話線,,,,
2360,239,3,丘を越えて,,,,
2361,239,4,行け柳田,,,,
2362,239,5,昨日はもう,,,,
2363,239,6,ト・キ・メ・キ,,,,
2364,239,7,ひとつだけ,,,,
2365,239,8,ごはんができたよ,,,,
2366,239,9,在広東少年,,,,
2367,239,10,ただいま,,,,
2368,239,11,春咲小紅,,,,
2369,239,12,ROSE GARDEN,,,,
2370,239,13,愛がなくちゃね,,,,
2371,239,14,どんなときも どんなときも どんなときも,,,,
2372,239,15,ラーメンたべたい,,,,
2373,239,16,GREENFIELDS,,,,
2374,239,1,David,,,,
2375,239,2,Home Sweet Home,,,,
2376,239,3,そこのアイロンに告ぐ,,,,
2377,239,4,はこ,,,,
2378,239,5,ふりむけばカエル,,,,
2379,239,6,自転車でおいで,,,,
2380,239,7,Watching You,,,,
2381,239,8,BAKABON,,,,
2382,239,9,湖のふもとでねこと暮らしている,,,,
2383,239,10,SUPER FOLK SONG,,,,
2384,239,11,PRAYER,,,,
2385,239,12,SHENANDOAH,,,,
2386,239,13,にぎりめしとえりまき,,,,
2387,239,14,夢のヒヨコ,,,,
2388,239,15,愛について,,,,
2389,239,16,クリームシチュー,,,,
2390,239,17,All The Bones Are White,,,,
2391,239,1,ひとりぼっちはやめた,,,,
2392,239,2,Dreaming Girl,,,,
2393,239,3,あたしンち,,,,
2394,239,4,N.Y.C.,,,,
2395,239,5,PRESTO (feat.岸田繁),,,,
2396,239,6,中央線 (feat.小田和正),,,,
2397,239,7,ひとつだけ (feat.忌野清志郎),,,,
2398,239,8,When I Die,,,,
2399,239,9,変わるし,,,,
2400,239,10,きよしちゃん,,,,
2401,239,11,いい日旅立ち,,,,
2402,239,12,多摩蘭坂,,,,
2403,239,13,セラピー,,,,
2404,239,14,飛ばしていくよ,,,,
2405,239,15,ISETAN-TAN-TAN,,,,
2406,239,16,Tong Poo,,,,
2407,239,17,Welcome to Jupiter,,,,
2408,239,18,春咲小紅 (矢野山脈 ver.),,,,
2409,239,1,女、キラキラ。男、そわそわ。,,,,
2410,239,2,虹をかけたい,,,,
2411,239,3,White Morning,,,,
2412,239,4,不思議、大好き。,,,,
2413,239,5,不思議、大好き。Part2,,,,
2414,239,6,おいしい生活,,,,
2415,239,7,おいしい生活 Part2,,,,
2416,239,8,さいこうのおかぁさん,,,,
2417,239,9,冬の夜空,,,,
2418,239,10,風になる,,,,
2419,239,11,ゆうぐれ,,,,
2420,239,12,さっぽろ地下街ポイントクラブの歌,,,,
2421,239,13,本をひらくと,,,,
2422,239,14,夕べのうた,,,,
2423,239,15,雪,,,,
2424,239,16,コニャラの歌,,,,
2425,239,17,おなかすいたねの歌,,,,
2426,239,18,すこしだけやさしく,,,,
2427,239,19,すばらしい日々,,,,
2428,239,20,Akiko’s Song,,,,
2429,239,21,Sake In The Jar,,,,
2430,239,22,くまんばちがとんできた,,,,
2431,239,23,誰がために,,,,
2432,239,24,しあわせなバカタレ,,,,
2433,239,25,窓,,,,
2434,239,26,"1,2,3",,,,
2435,239,27,ジャズベとともに,,,,
2436,240,1,春子の部屋 (instrumental),,,,
2437,240,2,風立ちぬ,,,,1981/10/07
2438,240,3,初恋,,,,1983/02/25
2439,240,4,魅せられて,,,,1979/02/25
2440,240,5,情熱☆熱風☽せれなーで,,,,1982/01/07
2441,240,6,すみれ September Love,,,,1982/07/21
2442,240,7,Love、かくし色,,,,1985/07/25
2443,240,8,DJ in My Life,,,,1985/04/03
2444,240,9,ぶりっこRock'n Roll,,,,1982/01/20
2445,240,10,夏色のナンシー,,,,1983/04/01
2446,240,11,ハートブレイク太陽族,,,,1982/07/07
2447,240,12,ジェームス・ディーンみたいな女の子,,,,1983/02/21
2448,240,13,俺ら東京さ行ぐだ,,,,1984/11/25
2449,240,14,ラ・セゾン,,,,1982/06/05
2450,240,15,君は1000%,,,,1986/05/01
2451,240,16,NEW AGE,,,,1984/11/21
2452,240,17,21世紀まで愛して,,,,1986/03/21
2453,240,18,冬のオペラグラス,,,,1986/01/01
2454,240,19,バレンタイン・キッス,,,,1986/02/01
2455,240,20,じゃあね,,,,1986/02/21
2456,240,21,春子の夢 (instrumental),,,,
2457,241,1,春子の部屋 (instrumental),,,,
2458,241,2,セーラー服と機関銃,,,,1981/11/21
2459,241,3,時をかける少女,,,,1983/04/21
2460,241,4,卒業,,,,1985/02/21
2461,241,5,銀河鉄道999,,,,1979/07/01
2462,241,6,君に、胸キュン。(浮気なヴァカンス),,,,1983/03/25
2463,241,7,ハイスクールララバイ,,,,1981/08/05
2464,241,8,い・け・な・い ルージュマジック,,,,1982/02/14
2465,241,9,まっ赤な女の子,,,,1983/05/05
2466,241,10,飾りじゃないのよ涙は,,,,1984/11/14
2467,241,11,TVの国からキラキラ,,,,1982/05/21
2468,241,12,青いスタスィオン,,,,1986/03/21
2469,241,13,涙のリクエスト,,,,1984/01/21
2470,241,14,モニカ,,,,1984/02/01
2471,241,15,こっちをお向きよソフィア,,,,1983/07/21
2472,241,16,炎の聖書 (バイブル),,,,1984/08/21
2473,241,17,不思議 Tokyo シンデレラ,,,,1984/11/05
2474,241,18,Forever -ギンガム・チェック Story-,,,,1984/08/28
2475,241,19,チェック・ポイント,,,,1986/07/25
2476,241,20,六本木純情派,,,,1986/10/29
2477,241,21,春子の夢 (instrumental),,,,
2478,242,1,あい,,,,
2479,242,2,いっぱい,,,,
2480,242,3,うた,,,,
2481,242,4,えあぎたー,,,,
2482,242,5,おにいちゃん,,,,
2483,242,6,かたおもい,,,,
2484,242,7,きっすのあじ,,,,
2485,242,8,くさかんむり,,,,
2486,242,9,けいきがいい,,,,
2487,242,10,ことば,,,,
2488,242,11,さくら,,,,
2489,242,12,しおこしょう,,,,
2490,242,13,すし,,,,
2491,242,14,せんせい,,,,
2492,242,15,そら,,,,
2493,242,16,たからもの,,,,
2494,242,17,ちきゅうぎ,,,,
2495,242,18,つき,,,,
2496,242,19,てんさい,,,,
2497,242,20,ともだち,,,,
2498,242,21,なみだ,,,,
2499,242,22,にじ,,,,
2500,242,23,ぬれぞうきん,,,,
2501,242,24,ねたふり,,,,
2502,242,25,のんき,,,,
2503,242,26,あからんくん,,,,
2504,243,1,希望という名の光 (Prelude),,,,
2505,243,2,NEVER GROW OLD,,,,
2506,243,3,希望という名の光,,,,
2507,243,4,街物語 (NEW REMIX),,,,
2508,243,5,プロポーズ,,,,
2509,243,6,僕らの夏の夢,,,,
2510,243,7,俺の空,,,,
2511,243,8,ずっと一緒さ,,,,
2512,243,9,HAPPY GATHERING DAY,,,,
2513,243,10,いのちの最後のひとしずく,,,,
2514,243,11,MY MORNING PRAYER,,,,
2515,243,12,愛してるって言えなくたって (NEW REMIX),,,,
2516,243,13,バラ色の人生〜ラヴィアンローズ,,,,
2517,243,14,希望という名の光 (Postlude),,,,
2518,244,1,素敵な午後は,,,,
2519,244,2,THE THEME FROM BIG WAVE,,,,
2520,244,3,ONLY WITH YOU,,,,
2521,244,4,二人の夏,,,,
2522,244,5,こぬか雨,,,,
2523,244,6,砂の女,,,,
2524,244,7,アトムの子,,,,
2525,245,1,モーニングムーン,,,,
2526,245,2,黄昏を待たずに,,,,
2527,245,3,Count Down,,,,
2528,245,4,指輪が泣いた,,,,
2529,245,5,SAILOR MAN,,,,
2530,245,6,ロマンシングヤード,,,,
2531,245,7,恋人はワイン色,,,,
2532,245,8,ラプソディ,,,,
2533,245,9,Trip,,,,
2534,245,10,WALK,,,,
2535,245,11,LOVE SONG,,,,
2536,245,12,DO YA DO,,,,
2537,245,13,太陽と埃の中で,,,,
2538,245,14,SAY YES,,,,
2539,245,15,僕はこの瞳で嘘をつく,,,,
2540,246,1,愛を止めないで,,,,
2541,246,2,Yes-No,,,,
2542,246,3,言葉にできない,,,,
2543,246,4,秋の気配,,,,
2544,246,5,さよなら,,,,
2545,246,6,めぐる季節,,,,
2546,246,7,水曜日の午後,,,,
2547,246,8,僕の贈りもの,,,,
2548,246,9,別れの情景(2)〜もう歌は作れない,,,,
2549,246,10,愛の唄,,,,
2550,246,11,眠れぬ夜,,,,
2551,246,12,夏の終り,,,,
2552,246,13,風に吹かれて,,,,
2553,246,14,思いのままに,,,,
2554,246,15,私の願い,,,,
2555,246,16,心はなれて,,,,
2556,246,1,僕等の時代,,,,
2557,246,2,YES−YES−YES,,,,
2558,246,3,時に愛は,,,,
2559,246,4,愛の中へ,,,,
2560,246,5,哀しいくらい,,,,
2561,246,6,せつなくて,,,,
2562,246,7,一億の夜を越えて,,,,
2563,246,8,いくつもの星の下で,,,,
2564,246,9,Christmas Day,,,,
2565,246,10,I LOVE YOU,,,,
2566,246,11,君が、嘘を、ついた,,,,
2567,246,12,夏の日,,,,
2568,246,13,緑の日々,,,,
2569,246,14,君の倖せを祈れない,,,,
2570,246,15,君住む街へ,,,,
2571,246,16,生まれ来る子供たちのために,,,,
2572,247,1,予感 -I'm Ready to love-,,,,
2573,247,2,未完成,,,,
2574,247,3,Not For Sale,,,,
2575,247,4,星のダンスを見においで,,,,
2576,247,5,ためいき色のタペストリー,,,,
2577,247,6,BIRTHDAY,,,,
2578,247,7,Bye Bye Black Jack,,,,
2579,247,8,恋待月夜,,,,
2580,247,9,Gentle Rainに意地悪,,,,
2581,247,10,Melody,,,,
2582,248,1,生まれたての朝 〜Brand New Sunshine〜,,,,
2583,248,2,すべて わがまま,,,,
2584,248,3,ガラスの午前4時,,,,
2585,248,4,朝は朝 嘘は嘘,,,,
2586,248,5,Tonight,,,,
2587,248,6,かもめのように,,,,
2588,248,7,FEEL ME,,,,
2589,248,8,夏の終り,,,,
2590,248,9,恋をしなさい,,,,
2591,249,1,明日の恋に投げKISS,,,,
2592,249,2,ボンネットに太陽,,,,
2593,249,3,がんばれブロークン・ハート,,,,
2594,249,4,傘を持ってでかけよう,,,,
2595,249,5,Boy Friend（Special Arranged Version）,,,,
2596,249,6,HALF MOON,,,,
2597,249,7,もう恋は。,,,,
2598,249,8,HELP,,,,
2599,249,9,2人はいきなり,,,,
2600,249,10,ポストカード,,,,
2601,250,1,BLUEじゃいられない,,,,
2602,250,2,6月の雨,,,,
2603,250,3,ようこそ愛する気持ち,,,,
2604,250,4,友達でいい,,,,
2605,250,5,黄昏のシルエット,,,,
2606,250,6,シンデレラの勇気,,,,
2607,250,7,ラッシュ・アワーのアダムとイヴ,,,,
2608,250,8,眠れぬ夜の恋人達,,,,
2609,250,9,つばめに逢える頃に,,,,
2610,250,10,ひとつぶの涙,,,,
2611,251,1,愛は元気です。,,,,
2612,251,2,走れ! パンプス,,,,
2613,251,3,消せない想い,,,,
2614,251,4,友達,,,,
2615,251,5,OH MY GOD!!,,,,
2616,251,6,Pajama Days,,,,
2617,251,7,パレード・パレード,,,,
2618,251,8,どうでもいいの,,,,
2619,251,9,生まれかわる気持ち,,,,
2620,251,10,今が好き,,,,
2621,252,1,ためいき色のタペストリー（Retake Version）,,,,
2622,252,2,がんばれブロークン・ハート,,,,
2623,252,3,Not For Sale,,,,
2624,252,4,ボンネットに太陽,,,,
2625,252,5,生まれたての朝 〜Brand New Sunshine〜,,,,
2626,252,6,Tonight,,,,
2627,252,7,BOY FRIEND （Single Version）,,,,
2628,252,8,明日の恋に投げKISS,,,,
2629,252,9,朝は朝 嘘は嘘,,,,
2630,252,10,幸せ探して,,,,
2631,252,11,永遠のはじまり,,,,
2632,253,1,"プロローグ
　〜X'mas Smile",,,,
2633,253,2,サンタをむかえに行く夜,,,,
2634,253,3,21世紀の恋人（A HAPPY NEW YEAR MIX）,,,,
2635,253,4,"あなたのことを思い出した
　〜エピローグ「おやすみなさい」",,,,
2636,254,1,ありふれた朝,,,,
2637,254,2,いちばん大好きだった,,,,
2638,254,3,たいくつな午後,,,,
2639,254,4,空からの贈り物,,,,
2640,254,5,猫になりたい,,,,
2641,254,6,この夜に,,,,
2642,254,7,ほんとの私,,,,
2643,254,8,愛する勇気,,,,
2644,254,9,フリージアと後悔,,,,
2645,254,10,ときめきをBelieve,,,,
2646,255,1,Not For Sale 〜A MON CŒUR〜,,,,
2647,255,2,SOMEBODY LOVES YOU,,,,
2648,255,3,Second Love 〜二番手の恋〜,,,,
2649,255,4,一緒に暮らそう,,,,
2650,255,5,最後のKISS,,,,
2651,255,6,心はいつも側にいる,,,,
2652,255,7,別れても友達,,,,
2653,255,8,それでもあなたを愛してる,,,,
2654,255,9,好きこそものの上手なれ,,,,
2655,255,10,FU・TA・MA・TA,,,,
2656,255,11,あなたと生きてく,,,,
2657,256,1,元気だしてよ[re-mix],,,,
2658,256,2,いちばん大好きだった,,,,
2659,256,3,一緒に暮らそう,,,,
2660,256,4,パレード・パレード,,,,
2661,256,5,ひとつぶの涙（single version）,,,,
2662,256,6,6月の雨,,,,
2663,256,7,友達,,,,
2664,256,8,ときめきをBelieve,,,,
2665,256,9,たいくつな午後,,,,
2666,256,10,今が好き,,,,
2667,256,11,最後のKISS,,,,
2668,256,12,しあわせの涙,,,,
2669,256,13,今夜あなたにフラれたい,,,,
2670,256,14,愛する勇気,,,,
2671,257,1,甘いWAVE,,,,
2672,257,2,彼女のフィアンセ,,,,
2673,257,3,恋に落ちた,,,,
2674,257,4,あしたの私に会いたくて,,,,
2675,257,5,雪の扉,,,,
2676,257,6,あなたに愛を,,,,
2677,257,7,瞬きの数ほどの偶然,,,,
2678,257,8,はじめの一歩,,,,
2679,257,9,午前0時のオアシス,,,,
2680,257,10,ずっと忘れない,,,,
2681,258,1,Instrumental Part I,,,,
2682,258,2,逆ふたまた,,,,
2683,258,3,何も聞かないで,,,,
2684,258,4,優しいのにも程がある,,,,
2685,258,5,愛情と友情,,,,
2686,258,6,もうすぐあなたが帰ってくる,,,,
2687,258,7,MOON,,,,
2688,258,8,愛しているのに,,,,
2689,258,9,圧倒的に片想い,,,,
2690,258,10,信じるものに救われる,,,,
2691,258,11,あなたに出逢えて,,,,
2692,259,1,FACE UP,,,,
2693,259,2,ずっと,,,,
2694,259,3,雪の朝,,,,
2695,259,4,しあわせのかたち,,,,
2696,259,5,LOVE IS OVER,,,,
2697,259,6,Stay With Me,,,,
2698,259,7,二人旅,,,,
2699,259,8,3 Call,,,,
2700,259,9,せめてもの I LOVE YOU,,,,
2701,259,10,逢いたくて,,,,
2702,260,1,恋に落ちた,,,,
2703,260,2,逆ふたまた,,,,
2704,260,3,雪の朝,,,,
2705,260,4,愛情と友情,,,,
2706,260,5,圧倒的に片想い,,,,
2707,260,6,FU・TA・MA・TA,,,,
2708,260,7,それでもあなたを愛してる,,,,
2709,260,8,せめてもの I LOVE YOU,,,,
2710,260,9,LOVE IS OVER （piano forte version）,,,,
2711,260,10,フリージア,,,,
2712,260,11,あなたに出逢えて,,,,
2713,261,1,せめてもの I LOVE YOU,,,,
2714,261,2,FACE UP,,,,
2715,261,3,恋に落ちた,,,,
2716,261,4,あしたの私に会いたくて,,,,
2717,261,5,何も聞かないで,,,,
2718,261,6,MOON,,,,
2719,261,7,はじめの一歩,,,,
2720,261,8,逢いたくて,,,,
2721,261,9,愛情と友情,,,,
2722,261,10,圧倒的に片想い,,,,
2723,261,11,信じるものに救われる,,,,
2724,261,12,虹のふもとで,,,,
2725,261,13,Our days,,,,
2726,261,14,あなたに出逢えて,,,,
2727,262,1,Boy Friend,,,,
2728,262,2,朝は朝 嘘は嘘,,,,
2729,263,1,がんばれブロークン・ハート,,,,
2730,263,2,Tonight,,,,
2731,264,1,明日の恋に投げKISS,,,,
2732,264,2,HALF MOON,,,,
2733,265,1,6月の雨,,,,
2734,265,2,シンデレラの勇気,,,,
2735,266,1,パレード・パレード,,,,
2736,266,2,バーボン・ストリート,,,,
2737,267,1,友達,,,,
2738,267,2,BLUEじゃいられない (Saturday Night Party Mix),,,,
2739,268,1,幸せ探して,,,,
2740,268,2,どうでもいいの,,,,
2741,269,1,21世紀の恋人,,,,
2742,269,2,OH MY GOD!!,,,,
2743,270,1,永遠のはじまり,,,,
2744,270,2,サンタをむかえに行く夜,,,,
2745,271,1,ときめきをBelieve,,,,
2746,271,2,ひとつぶの涙 (Single Version),,,,
2747,272,1,いちばん大好きだった,,,,
2748,272,2,恋しているから,,,,
2749,273,1,最後のKISS,,,,
2750,273,2,SECOND LOVE -二番手の恋-,,,,
2751,274,1,いちばん大好きだった,,,,
2752,274,2,Tonight,,,,
2753,274,3,がんばれブロークン・ハート,,,,
2754,275,1,SOMEBODY LOVES YOU,,,,
2755,275,2,一緒に暮らそう,,,,
2756,276,1,しあわせの涙,,,,
2757,276,2,元気だしてよ,,,,
2758,277,1,今夜あなたにフラレたい,,,,
2759,277,2,彼女のフィアンセ,,,,
2760,278,1,あしたの私に会いたくて,,,,
2761,278,2,あなたに愛を,,,,
2762,279,1,信じるものに救われる,,,,
2763,279,2,恋に落ちた,,,,
2764,280,1,MOON,,,,
2765,280,2,雪の朝,,,,
2766,281,1,しあわせのかたち,,,,
2767,281,2,圧倒的に片想い,,,,
2768,282,1,せめてもの I LOVE YOU,,,,
2769,282,2,Stay With Me,,,,
2770,283,1,FACE UP,,,,
2771,283,2,KILLER BOLLOW,,,,
2772,284,1,虹のふもとで,,,,
2773,284,2,Instrumental Part II,,,,
2774,285,1,Magic Time,,,,
2775,285,2,Free,,,,
2776,285,3,白いカイト (Album Version),,,,
2777,285,4,めぐり逢う世界,,,,
2778,285,5,"Hello, Again 〜昔からある場所〜",,,,
2779,285,6,My Paiting,,,,
2780,285,7,暮れゆく街で,,,,
2781,285,8,Delicacy (Album Version),,,,
2782,285,9,Man & Woman,,,,
2783,285,10,evergreen,,,,
2784,286,1,OVER TURE 〜Times Circle〜（Instrumental）,,,,
2785,286,2,空の下で,,,,
2786,286,3,My sweet lord,,,,
2787,286,4,回廊をぬけて,,,,
2788,286,5,Shuffle,,,,
2789,286,6,Naked,,,,
2790,286,7,anniversary,,,,
2791,286,8,NOW AND THEN 〜失われた時を求めて〜,,,,
2792,286,9,愛のために,,,,
2793,286,10,YES 〜free flower〜,,,,
2794,286,11,遠い河,,,,
2795,287,1,悲しくてやりきれない,,,,1968/03/21
2796,287,2,風,,,,1969/01/10
2797,287,3,或る日突然,,,,1969/05/10
2798,287,4,青年は荒野をめざす,,,,1968/12/05
2799,287,5,帰って来たヨッパライ,,,,1967/12/25
2800,287,6,真冬の帰り道,,,,1967/11/25
2801,287,7,想い出の渚,,,,1966/11/05
2802,287,8,野バラ咲く路,,,,
2803,287,9,あなたが欲しい,,,,1967/11/05
2804,287,10,夕陽が沈む,,,,
2805,287,11,長い髪の少女,,,,1968/04/01
2806,287,12,海は恋してる,,,,1968/07/01
2807,287,13,からっぽの世界,,,,1968/03/25
2808,287,14,戦争は知らない,,,,1968/11/10
2809,287,15,花のかおりに,,,,1968/11/10
2810,287,16,日本の旅,,,,1969/06/10
2811,287,17,さすらい人の子守唄,,,,
2812,287,18,希望,,,,1969/05/01
2813,287,1,さらば青春,,,,1971/02/21
2814,287,2,戦争を知らない子供たち,,,,1971/02/05
2815,287,3,あの素晴らしい愛をもう一度,,,,1971/04/05
2816,287,4,誰もいない海,,,,1970/11/05
2817,287,5,花嫁,,,,1971/01/10
2818,287,6,小さな日記,,,,1968/10/10
2819,287,7,おはなし,,,,
2820,287,8,さよならは云わないで,,,,
2821,287,9,朝焼けの中に,,,,
2822,287,10,時計をとめて,,,,1971/01/10
2823,287,11,若者たち,,,,1966/08/01
2824,287,12,知床旅情,,,,1971/02/25
2825,287,13,紀元弐阡年,,,,1968/07/10
2826,287,14,ふたりだけの旅,,,,1971/05/25
2827,287,15,空よ,,,,1970/03/25
2828,287,16,初恋の人に似ている,,,,1970/07/25
2829,287,17,虹と雪のバラード,,,,1971/08/25
2830,287,1,夢の中へ,,,,1973/03/01
2831,287,2,神田川,,,,
2832,287,3,心の旅,,,,1973/04/20
2833,287,4,スモーキン・ブギ,,,,1974/12/05
2834,287,5,ぼくがつくった愛のうた ~いとしのEmily~,,,,1974/10/05
2835,287,6,青春の影,,,,1974/06/05
2836,287,7,嫁ぐ日,,,,1973/03/10
2837,287,8,たどりついたらいつも雨ふり,,,,1972/07/05
2838,287,9,御意見無用,,,,1971/01/25
2839,287,10,愛の挽歌,,,,1972/12/01
2840,287,11,水色の街,,,,1974/07/20
2841,287,12,四季の歌,,,,1972年
2842,287,13,月光仮面,,,,1971/03/25
2843,287,14,家をつくるなら,,,,1973/03/20
2844,287,15,心が痛い,,,,1973/07/05
2845,287,16,アドロ,,,,
2846,287,17,白いギター,,,,
2847,287,1,今はもうだれも,,,,
2848,287,2,なごり雪,,,,
2849,287,3,精霊流し,,,,
2850,287,4,サボテンの花,,,,1975/02/05
2851,287,5,銀の指環,,,,1974/01/20
2852,287,6,22才の別れ,,,,
2853,287,7,想い出まくら,,,,
2854,287,8,港のヨーコ・ヨコハマ・ヨコスカ,,,,1975/04/20
2855,287,9,裏切りの街角,,,,
2856,287,10,マイ・ハート,,,,1968/08/01
2857,287,11,男どうし,,,,1975/09/20
2858,287,12,想い出の赤いヤッケ,,,,1977/02/20
2859,287,13,初恋のメロディー,,,,1972/08/05
2860,287,14,涙の太陽,,,,1973/07/05
2861,287,15,私は泣いています,,,,1974/03/05
2862,287,16,遠くで汽笛を聞きながら,,,,1976/09/20
2863,287,1,冬の稲妻,,,,1977/10/05
2864,287,2,わかって下さい,,,,1976/02/05
2865,287,3,どうぞこのまま,,,,1976/07/05
2866,287,4,20歳のめぐり逢い,,,,1975/09/21
2867,287,5,我が良き友よ,,,,1975/02/05
2868,287,6,身も心も,,,,1977/09/05
2869,287,7,裏切者の旅,,,,1976/03/05
2870,287,8,テレフォン・ノイローゼ,,,,1976/12/20
2871,287,9,きんぽうげ,,,,1977/09/05
2872,287,10,サクセス,,,,1977/03/20
2873,287,11,カッコマン・ブギ,,,,1975/03/25
2874,287,12,サバの女王,,,,1972/07/01
2875,287,13,オレンジ村から春へ,,,,1976/03/20
2876,287,14,マイ・ピュア・レディ,,,,1977/02/05
2877,287,15,夏の少女,,,,1977/06/05
2878,287,16,雨やどり,,,,1977/03/10
2879,287,1,HERO ~ ヒーローになる時、それは今,,,,1978/12/20
2880,287,2,安奈,,,,1979/10/05
2881,287,3,季節の中で,,,,1978/08/21
2882,287,4,チャンピオン,,,,1978/12/05
2883,287,5,虹とスニーカーの頃,,,,1979/07/05
2884,287,6,Wake Up,,,,1979/12/20
2885,287,7,ジョニーの子守唄,,,,1978/06/20
2886,287,8,涙の誓い,,,,1978/03/05
2887,287,9,秋止符,,,,1979/12/20
2888,287,10,ANAK (息子),,,,1978/09/01
2889,287,11,風は知っている,,,,1978/05/20
2890,287,12,ベッドで煙草を吸わないで,,,,1978/09/20
2891,287,13,春の予感 ~ I’ve been mellow,,,,1978/07/05
2892,287,14,君のひとみは10000ボルト,,,,1978/08/05
2893,287,15,ロンリー・ハート (Japanese Version),,,,1981/04/21
2894,287,16,みずいろの雨,,,,1978/09/05
2895,288,1,LA-LA-LA,,,,1976/06/25
2896,288,2,時代,,,,1988/04/29
2897,288,3,追いかけてヨコハマ,,,,1978/02/25
2898,288,4,ロンリー・カナリア,,,,1985/01/09
2899,288,5,比呂魅卿の犯罪,,,,1983/04/01
2900,288,6,愛される花 愛されぬ花,,,,1986/04/10
2901,288,7,うかれ屋,,,,1977/07/25
2902,288,8,永遠の嘘をついてくれ,,,,1995/06/21
2903,288,9,風の姿,,,,1992/11/21
2904,288,10,肩幅の未来,,,,1989/07/05
2905,288,11,窓ガラス,,,,1978/07/10
2906,288,12,慟哭,,,,1993/02/03
2907,289,1,この空を飛べたら,,,,1978/03/10
2908,289,2,きっと愛がある,,,,1994/05/20
2909,289,3,20才になれば,,,,1978/09/05
2910,289,4,髪,,,,1978/07/05
2911,289,5,MUGO・ん…色っぽい,,,,1988/08/24
2912,289,6,ピエロ,,,,1979/09/21
2913,289,7,世迷い言,,,,1978/10/05
2914,289,8,ルージュ,,,,1977/04/10
2915,289,9,そのあとは雨の中,,,,1993/04/01
2916,289,10,空港日誌,,,,1987/07/06
2917,289,11,花束を私のために,,,,1992/10/21
2918,289,12,あばよ,,,,1976/08/25
2919,290,1,すずめ,,,,1981/11/28
2920,290,2,FU-JI-TSU,,,,1988/06/01
2921,290,3,煙草,,,,1982/05/21
2922,290,4,美貌の都,,,,1983/03/05
2923,290,5,みにくいあひるの子,,,,1978/10/21
2924,290,6,海と宝石,,,,1983/11/01
2925,290,7,少年たちのように,,,,1986/04/10
2926,290,8,命日,,,,1977/10/25
2927,290,9,帰っておいで,,,,1977/04/10
2928,290,10,りばいばる,,,,1984/06/21
2929,290,11,最愛,,,,1984/09/05
2930,290,12,しあわせ芝居,,,,1977/11/05
2931,291,1,春なのに,,,,1983/01/11
2932,291,2,雨･･･,,,,1978/11/25
2933,291,3,儀式(セレモニー),,,,1985/10/01
2934,291,4,強がりはよせヨ,,,,1976/08/25
2935,291,5,涙,,,,1988/02/21
2936,291,6,おとぎばなし,,,,1988/04/29
2937,291,7,SCENE21・祭り街,,,,1983/03/05
2938,291,8,朝焼け,,,,1979/03/21
2939,291,9,な・ま・い・き,,,,1989/07/05
2940,291,10,あり、か,,,,1988/03/05
2941,291,11,ひとりぼっちで踊らせて,,,,1979/08/21
2942,291,12,黄昏に吹かれて,,,,1988/08/24
2943,292,1,激情,,,,1996/11/07
2944,292,2,カム・フラージュ,,,,1983/12/01
2945,292,3,くらやみ乙女,,,,1989/11/21
2946,292,4,ほうせんか,,,,1991/05/21
2947,292,5,鳥になって,,,,1991/06/21
2948,292,6,あどけない話,,,,1992/06/25
2949,292,7,うそつきが好きよ,,,,1977/09/25
2950,292,8,さよならの鐘,,,,1978/07/05
2951,292,9,未完成,,,,1987/07/06
2952,292,10,笑わせるじゃないか,,,,1977/03/21
2953,292,11,私について,,,,1990/09/21
2954,292,12,かもめはかもめ,,,,1977/10/25
2955,293,1,旅するあなた,,,,
2956,293,2,花一文目,,,,
2957,293,3,僕のこの足がも少し長ければ,,,,
2958,293,4,昨日にさようなら,,,,
2959,293,5,粉雪,,,,
2960,293,6,嵐の航海,,,,
2961,293,7,海になりたい,,,,
2962,293,8,荻窪二丁目,,,,
2963,293,9,来年も来るよ,,,,
2964,293,10,マイ ダーリン,,,,
2965,293,11,コンサートが終って,,,,
2966,293,12,幼い日に,,,,
2967,293,13,かえり道,,,,
2968,294,1,さよならの街,,,,
2969,294,2,帰っておいでよ,,,,
2970,294,3,名物せんべい,,,,
2971,294,4,恋唄,,,,
2972,294,5,私の詩,,,,
2973,294,6,朝が来るまで,,,,
2974,294,7,今日は雨,,,,
2975,294,8,いつもふたり,,,,
2976,294,9,ねがい,,,,
2977,294,10,グッド・ナイト・マイ・ベイビー,,,,
2978,295,1,朝が来るまで,,,,
2979,295,2,昨日にさようなら,,,,
2980,295,3,来年も来るよ,,,,
2981,295,4,九州へ帰る友へ,,,,
2982,295,5,たぬき囃子,,,,
2983,295,6,さよならの街,,,,
2984,295,7,妹,,,,
2985,295,8,ひとりきり,,,,
2986,295,9,思い出にしてしまえるさ,,,,
2987,295,10,私の詩,,,,
2988,295,11,ヘイ・ジプシー誘っとくれ,,,,
2989,295,12,何処にも行かない,,,,
2990,295,13,ねがい,,,,
2991,295,14,今日は雨,,,,
2992,295,15,うちのお父さん（夏の日の思い出）,,,,
2993,295,16,いつもふたり,,,,
2994,295,17,〜朝が来るまで,,,,
2995,295,18,幼い日に,,,,
2996,295,19,グッド・ナイト・マイ・ベイビー,,,,
2997,296,1,夏の少女,,,,
2998,296,2,思い出にしてしまえるさ,,,,
2999,296,3,くれない丸,,,,
3000,296,4,どうせ人生に迷うなら,,,,
3001,296,5,おばあちゃん,,,,
3002,296,6,愛する人へ,,,,
3003,296,7,にぎやかな夕暮れ,,,,
3004,296,8,愛しのベイビー,,,,
3005,296,9,僕のグラフィティー,,,,
3006,296,10,けんきょ,,,,
3007,296,11,恋人よ,,,,
3008,296,12,出発,,,,
3009,297,1,オハイオの月,,,,
3010,297,2,冬仕度,,,,
3011,297,3,こんな静かな夜,,,,
3012,297,4,流れ星,,,,
3013,297,5,少年と海,,,,
3014,297,6,夢一夜,,,,
3015,297,7,つぶやき,,,,
3016,297,8,春の月,,,,
3017,297,9,君といっしょなら,,,,
3018,297,10,時は流れて風が吹く,,,,
3019,298,1,淋しい鞄,,,,
3020,298,2,河童えれじい,,,,
3021,298,3,さよなら予報,,,,
3022,298,4,旅立てばそこから男,,,,
3023,298,5,夜の顔,,,,
3024,298,6,旅立つ想い,,,,
3025,298,7,忘れこおろぎ,,,,
3026,298,8,夏の夜に,,,,
3027,298,9,房総西線,,,,
3028,298,10,春風,,,,
3029,299,1,今日は雨,,,,
3030,299,2,たぬき囃子,,,,
3031,300,1,夏の少女,,,,
3032,300,2,男たちよ,,,,
3033,301,1,れくいえむ,,,,
3034,302,1,思い出にしてしまえるさ,,,,
3035,302,2,九州へ帰る友へ,,,,
3036,303,1,海と君と愛の唄,,,,
3037,303,2,さびしい椅子,,,,
3038,304,1,マキシーのために,,,,1988/07/21
3039,304,2,雪が降る日に,,,,1972/04/20
3040,304,3,神田川,,,,1973/09/20
3041,304,4,鐘が聞こえる,,,,1987/06/21
3042,304,5,飛べない鳥,,,,1991/09/21
3043,304,6,夢一夜,,,,1978/10/25
3044,304,7,帰れない季節,,,,1991/09/21
3045,304,8,妹,,,,1988/07/21
3046,304,9,北の旅人,,,,1994/06/17
3047,304,10,上海エレジー,,,,1983/02/21
3048,304,11,夢の時間,,,,1993/03/19
3049,304,12,泣かせないで,,,,1993/04/21
3050,304,13,夏の少女'90,,,,1990/06/21
3051,304,14,幼い日に,,,,1990/06/21
3052,304,15,あの日の空よ,,,,1982/02/21
3053,304,16,岩を砕く花のように,,,,1990/10/03
3054,304,17,満点の星,,,,1990/06/21
3055,305,1,僕の胸でおやすみ,,,,
3056,305,2,まえぶれ,,,,
3057,305,3,窓辺,,,,
3058,305,4,まぶしすぎる街,,,,
3059,305,5,さびしさを置いて,,,,
3060,305,6,風の街,,,,
3061,305,7,明日の風,,,,
3062,305,8,陽だまりの中で,,,,
3063,305,9,坂道,,,,
3064,305,10,ラヴリィ・ハット・ショップ,,,,
3065,305,11,家路,,,,
3066,306,1,糸と針,,,,
3067,306,2,小雨たそがれ,,,,
3068,306,3,眼をとじて,,,,
3069,306,4,とまどい,,,,
3070,306,5,コスモス,,,,
3071,306,6,渡り鳥,,,,
3072,306,7,夜汽車,,,,
3073,306,8,あなた,,,,
3074,306,9,淋しさの理由,,,,
3075,306,10,洛陽,,,,
3076,306,11,ほとほとと,,,,
3077,306,12,ゆりかご,,,,
3078,307,1,欅並木,,,,
3079,308,2,洛陽,,,,
3080,309,3,旅酔い唄,,,,
3081,310,3,明日の恋人,,,,
3082,311,1,僕の胸でおやすみ,,,,
3083,311,1,こもれ陽,,,,
3084,311,2,さよなら友よ,,,,
3085,311,3,旅酔い唄,,,,
3086,311,4,落陽,,,,
3087,311,5,欅並木,,,,
3088,311,6,明日の恋人,,,,
3089,311,7,淋しさの理由,,,,
3090,311,8,ゆりかご,,,,
3091,311,9,家路,,,,
3092,311,10,風の街,,,,
3093,311,11,さびしさを置いて,,,,
3094,311,12,明日の風,,,,
3095,311,13,涙があるうちに,,,,
3096,311,14,別れの言葉,,,,
3097,311,15,加茂の流れに,,,,
3098,311,16,おはようおやすみ日曜日,,,,
3099,311,17,けれど生きている,,,,
3100,312,1,負けないで,,,,1993/01/27
3101,312,2,君がいない,,,,1993/04/21
3102,312,3,揺れる想い,,,,1993/05/19
3103,312,4,"果てしない夢を ZYYG,REV,ZARD & WANDS featuring 長嶋茂雄",,,,1993/06/09
3104,312,5,もう少し あと少し,,,,1993/09/04
3105,312,6,きっと忘れない,,,,1993/11/03
3106,312,7,この愛に泳ぎ疲れても,,,,1994/02/02
3107,312,8,こんなにそばに居るのに,,,,1994/08/08
3108,312,9,Just believe in love,,,,1995/02/01
3109,312,10,愛が見えない,,,,1995/06/05
3110,312,11,マイ フレンド,,,,1996/01/08
3111,312,12,心を開いて,,,,1996/05/06
3112,312,13,永遠,,,,1997/08/20
3113,312,14,運命のルーレット廻して,,,,1998/09/17
3114,313,1,カントリーガール,,,,
3115,313,2,お早うございますの帽子屋さん,,,,
3116,313,3,風になれ〜みどりのために〜,,,,
3117,313,4,うさぎ,,,,
3118,313,5,てんぷら☆さんらいず,,,,
3119,313,6,SORAMIMI〜空が耳をすましている〜,,,,
3120,313,7,銀河通信,,,,
3121,313,8,地上の星座,,,,
3122,313,9,猫の森には帰れない,,,,
3123,313,10,河のほとりに,,,,
3124,313,11,リカちゃんのポケット,,,,
3125,313,12,夜のブランコ,,,,
3126,313,13,窓,,,,
3127,313,14,MOON SONG,,,,
3128,313,15,おやすみ,,,,
3129,314,1,最終案内,,,,
3130,314,2,つゆのあとさき,,,,
3131,314,3,飛梅,,,,
3132,314,4,きみのふるさと,,,,
3133,314,5,思い出はゆりかご,,,,
3134,314,6,セロ弾きのゴーシュ,,,,
3135,314,7,もうひとつの雨やどり,,,,
3136,314,8,吸殻の風景,,,,
3137,314,9,桃花源,,,,
3138,314,10,晩鐘,,,,
3139,315,1,最后の頁,,,,
3140,315,2,SUNDAY PARK,,,,
3141,315,3,檸檬,,,,
3142,315,4,魔法使いの弟子,,,,
3143,315,5,フェリー埠頭,,,,
3144,315,6,天文学者になればよかった,,,,
3145,315,7,案山子,,,,
3146,315,8,秋桜,,,,
3147,315,9,加速度,,,,
3148,315,10,主人公,,,,
3149,316,1,さよなら にっぽん,,,,
3150,316,2,名刺,,,,
3151,316,3,"ステラ,僕までの地図",,,,
3152,316,4,烈,,,,
3153,316,5,地平線,,,,
3154,316,6,六日のあやめ,,,,
3155,316,7,鳥辺山心中,,,,
3156,316,8,銀杏散りやまず,,,,
3157,316,9,兵士の手紙ときよしこの夜,,,,
3158,316,10,青の季節,,,,
3159,317,1,北の国から〜遥かなる大地より〜,,,,
3160,317,2,道化師のソネット,,,,
3161,317,3,雨やどり,,,,
3162,317,4,案山子,,,,
3163,317,5,関白宣言,,,,
3164,317,6,関白失脚,,,,
3165,317,7,秋桜,,,,
3166,317,8,精霊流し,,,,
3167,317,9,無縁坂,,,,
3168,317,10,親父の一番長い日,,,,
3169,317,11,防人の詩,,,,
3170,317,12,風に立つライオン,,,,
3171,318,1,逃げるは恥だが役に立つ,,,,
3172,318,2,みくりさん＆平匡さん,,,,
3173,318,3,結婚って、何のメリットがあるんだろう,,,,
3174,318,4,ラブラブ夫婦,,,,
3175,318,5,愛妻弁当,,,,
3176,318,6,ちょっと待って!!!,,,,
3177,318,7,甘い香り,,,,
3178,318,8,ジタバタごろんごろん,,,,
3179,318,9,Ｂマイナーなニュアンス,,,,
3180,318,10,津崎活躍,,,,
3181,318,11,普段クールな男が、弱っている姿・・・・・萌える！,,,,
3182,318,12,寂しさを隠しきれない,,,,
3183,318,13,バレてはいけない契約結婚,,,,
3184,318,14,お父さんお母さんの想い,,,,
3185,318,15,プロの独身の極意,,,,
3186,318,16,沼田さんの観察眼,,,,
3187,318,17,雇用主と従業員,,,,
3188,318,18,知らないって怖い,,,,
3189,318,19,自尊感情の低い男,,,,
3190,318,20,平穏な暮らし,,,,
3191,318,21,因数分解,,,,
3192,318,22,・・・・・・危険だ！,,,,
3193,318,23,照れますね,,,,
3194,318,24,YES GOOD JOB!,,,,
3195,318,25,私の就職先は、あなたでした！,,,,
3196,318,26,逃げるは恥だが役に立つ～誰かに必要とされたくて～,,,,
3197,319,1,この道を,,,,
3198,319,2,会いに行く,,,,
3199,319,3,坂道を上って,,,,
3200,319,4,小さな風景,,,,
3201,320,1,その日が来るまで,,,,
3202,320,2,やさしい風が吹いたら,,,,
3203,321,1,さよならは 言わない,,,,
3204,322,1,時代,,,,
3205,322,2,地上の星,,,,
3206,322,3,糸,,,,
3207,322,4,ホームにて,,,,
3208,322,5,悪女,,,,
3209,322,6,あした,,,,
3210,322,7,誕生,,,,
3211,322,8,昔から雨が降ってくる,,,,
3212,322,9,ヘッドライト・テールライト,,,,
3213,322,10,銀の龍の背に乗って,,,,
3214,322,11,かもめはかもめ,,,,
3215,323,1,海よ,,,,
3216,323,2,泣きたい夜に,,,,
3217,323,3,帰省,,,,
3218,323,4,相席,,,,
3219,323,5,サッポロSNOWY,,,,
3220,323,6,歌姫,,,,
3221,323,7,街路樹,,,,
3222,323,8,パーティー・ライツ,,,,
3223,323,9,帰れない者たちへ,,,,
3224,323,10,根雪,,,,
3225,323,11,夜曲,,,,
3226,324,1,一期一会,,,,
3227,324,2,わかれうた,,,,
3228,324,3,空と君のあいだに,,,,
3229,324,4,恋文,,,,
3230,324,5,横恋慕,,,,
3231,324,6,ララバイSINGER～アザミ嬢のララバイ,,,,
3232,324,7,夢の通り道を僕は歩いている,,,,
3233,324,8,つめたい別れ,,,,
3234,324,9,愛から遠く離れて,,,,
3235,324,10,ひとり上手,,,,
3236,324,11,with,,,,
3237,325,1,愛だけを残せ,,,,
3238,325,2,狼になりたい,,,,
3239,325,3,どこにいても,,,,
3240,325,4,見返り美人,,,,
3241,325,5,この世に二人だけ,,,,
3242,325,6,命の別名,,,,
3243,325,7,涙-Made in Tears-,,,,
3244,325,8,最後の女神,,,,
3245,325,9,蕎麦屋,,,,
3246,325,10,浅い眠り,,,,
3247,325,11,孤独の肖像1st.,,,,
3248,326,1,あばよ,,,,
3249,326,2,ルージュ,,,,
3250,326,3,しあわせ芝居,,,,
3251,326,4,この空を飛べたら,,,,
3252,326,5,窓ガラス,,,,
3253,326,6,すずめ,,,,
3254,326,7,春なのに,,,,
3255,326,8,ロンリーカナリア,,,,
3256,326,9,未完成,,,,
3257,326,10,あどけない話,,,,
3258,326,11,雪傘,,,,
3259,327,1,慕情,,,,
3260,327,2,糸,,,,
3261,327,3,銀の龍の背に乗って,,,,
3262,327,4,愛詞(あいことば),,,,
3263,327,5,悪女,,,,
3264,327,6,時代,,,,
3265,327,7,空と君のあいだに,,,,
3266,327,8,泣きたい夜に,,,,
3267,327,9,with,,,,
3268,327,10,愛だけを残せ,,,,
3269,327,11,最後の女神,,,,
3270,327,12,ホームにて,,,,
3271,327,1,麦の唄,,,,
3272,327,2,化粧,,,,
3273,327,3,浅い眠り,,,,
3274,327,4,地上の星,,,,
3275,327,5,横恋慕,,,,
3276,327,6,わかれうた,,,,
3277,327,7,狼になりたい,,,,
3278,327,8,歌姫,,,,
3279,327,9,誕生,,,,
3280,327,10,蕎麦屋,,,,
3281,327,11,一期一会,,,,
3282,327,12,ヘッドライト・テールライト,,,,
3283,328,1,くちばしにチェリー,,,,
3284,328,2,クイック・マダム,,,,
3285,328,3,SUGAR（LIVE）,,,,
3286,329,1,皆殺しのメロディ,,,,
3287,329,2,M・O・N・K・E・Y,,,,
3288,329,1,心の救急車,,,,
3289,329,2,あの娘にタッチ,,,,
3290,329,1,ホームラン,,,,
3291,329,2,泣かないで恋人よ,,,,
3292,329,1,THE ROLLING MAN,,,,
3293,329,2,東京ゾンビ（ロシアンルーレット）,,,,
3294,329,1,HAPPY BIRTHDAY,,,,
3295,329,2,闘う男,,,,
3296,329,1,ネオンサイン,,,,
3297,329,2,TOO MUCH PAIN,,,,
3298,329,1,さすらいのニコチン野郎,,,,
3299,330,1,RAW LIFE,,,,
3300,330,2,俺は政治家だ,,,,
3301,330,3,GO!GO!ヘドロマン,,,,
3302,330,4,エゴでぶっとばせ,,,,
3303,330,5,かしこい僕達,,,,
3304,330,6,煙突のある街,,,,
3305,330,7,ドライブしようよ,,,,
3306,330,8,情報時代の野蛮人,,,,
3307,330,9,関係ねえよパワー,,,,
3308,330,10,こんなもんじゃない,,,,
3309,330,11,RAW LIFE（Reprise）,,,,
3310,330,12,ですメタル,,,,
3311,331,1,命果てるまで〜第三の男〜命果てるまで,,,,
3312,331,2,フーガ,,,,
3313,331,3,ロック幸せ,,,,
3314,331,4,ケダモノの嵐,,,,
3315,331,5,エレジー,,,,
3316,331,6,自転車泥棒,,,,
3317,331,7,富士,,,,
3318,331,8,リンジュー マーチ,,,,
3319,331,9,スライム プリーズ,,,,
3320,331,10,CSA,,,,
3321,331,11,いかんともしがたい男,,,,
3322,331,12,夜明け前,,,,
3323,331,13,働く男,,,,
3324,331,14,スターな男,,,,
3325,332,1,ハヴァナイスデー,,,,
3326,332,2,魚の脳を持つ男,,,,
3327,332,3,鼻から牛乳,,,,
3328,332,4,レベル,,,,
3329,332,5,$2000ならOKよ,,,,
3330,332,6,東京ブギウギ,,,,
3331,333,1,荒野を行く,,,,
3332,333,2,マシマロ,,,,
3333,333,3,彼が泣く,,,,
3334,333,4,羊の歩み,,,,
3335,333,5,たったった,,,,
3336,333,6,ウアホ,,,,
3337,333,7,GOLDENBALL,,,,
3338,333,8,KING of KIN,,,,
3339,333,9,イオン,,,,
3340,333,10,ときめきファンタジーIII,,,,
3341,333,11,ふれあい,,,,
3342,333,12,近未来,,,,
3343,333,13,トロフィー,,,,
3344,334,1,人間2,,,,
3345,334,2,103,,,,
3346,334,3,トリコになりました,,,,
3347,334,4,コーヒー,,,,
3348,334,5,たばこのみ,,,,
3349,334,6,Hey! Mountain,,,,
3350,334,7,つくば山,,,,
3351,334,8,人の息子,,,,
3352,334,9,MADONNA de R.,,,,
3353,334,10,悩んで学んで,,,,
3354,334,11,厳しいので有る,,,,
3355,334,12,SUNNY,,,,
3356,335,1,あくまでドライブ,,,,
3357,335,2,ツアーメン,,,,
3358,335,3,またたびをする,,,,
3359,335,4,恋のかけら,,,,
3360,335,5,リー!リー!リー!,,,,
3361,335,6,股旅（ジョンと）,,,,
3362,335,7,遺言,,,,
3363,335,8,海猫,,,,
3364,335,9,手紙,,,,
3365,335,10,さすらい,,,,
3366,335,11,イージュー★ライダー'97,,,,
3367,336,1,Forever Love,,,,
3368,336,2,Longing,,,,
3369,336,3,Endless Rain,,,,
3370,336,4,Crucify My Love,,,,
3371,336,5,Alive,,,,
3372,336,6,Say Anything,,,,
3373,336,7,Unfinished,,,,
3374,336,8,Tears,,,,
3375,336,9,Forever Love (Last Mix),,,,
3376,336,10,The Last Song(Memorial Track),,,,
3377,337,1,BOON BOON BOON 〜 OUR LOVE [MEDLEY],,,,
3378,337,2,GUITAR MAN'S RAG (君に奏でるギター),,,,
3379,337,3,せつない胸に風が吹いてた,,,,
3380,337,4,シュラバ★ラ★バンバ SHULABA-LA-BAMBA,,,,
3381,337,5,慕情,,,,
3382,337,6,ニッポンのヒール,,,,
3383,337,7,ポカンポカンと雨が降る (レイニー ナイト イン ブルー),,,,
3384,337,8,HAIR,,,,
3385,337,9,君だけに夢をもう一度,,,,
3386,337,10,DING DONG (僕だけのアイドル),,,,
3387,337,11,涙のキッス,,,,
3388,337,12,ブリブリボーダーライン,,,,
3389,337,13,亀が泳ぐ街,,,,
3390,337,14,ホリデイ ～スリラー魔の休日より,,,,
3391,337,15,IF I EVER HEAR YOU KNOCKING ON MY DOOR,,,,
3392,337,16,CHRISTMAS TIME FOREVER,,,,
3393,338,1,フリフリ'65,,,,
3394,338,2,愛は花のように (Olé!),,,,
3395,338,3,悪魔の恋,,,,
3396,338,4,忘れられた Big Wave,,,,
3397,338,5,YOU,,,,
3398,338,6,ナチカサヌ恋歌,,,,
3399,338,7,"OH, GIRL (悲しい胸のスクリーン)",,,,
3400,338,8,女神達への情歌 (報道されないY型の彼方へ),,,,
3401,338,9,政治家,,,,
3402,338,10,MARIKO,,,,
3403,338,11,さよならベイビー,,,,
3404,338,12,GORILLA,,,,
3405,338,13,逢いたくなった時に君はここにいない,,,,
3406,339,1,A・RA・WA,,,,
3407,339,2,mobile girl,,,,
3408,340,1,ベストセラー,,,,
3409,340,2,真実の花,,,,
3410,341,1,"Message from Yumi〜Hello, my friends!",,,,
3411,341,2,しあわせについて。,,,,
3412,341,3,revenge,,,,
3413,341,4,A・RA・WA,,,,
3414,341,5,NO PAIN NO RAINBOWS,,,,
3415,341,6,DESTINATION 〜Over The Rainbow 虹の彼方へ〜,,,,
3416,341,7,風に任せて,,,,
3417,341,8,ベストセラー（Pleasure Edit 'Moth・La' Mix）,,,,
3418,341,9,花を咲かせましょう,,,,
3419,341,10,真実の花,,,,
3420,341,11,Calendar Love,,,,
3421,341,12,フラジャイル,,,,
3422,341,13,プロミス 〜約束〜,,,,
3423,342,1,エントランス,,,,
3424,342,2,名前のないうた,,,,
